experiment_run_id,scenario,arm,repetition,sent_at,latency,status,success
verify-memory_pressure-candidate-rep3-20260920T041304Z,memory_pressure_candidate,native,1,2026-09-20T04:14:11.269228+00:00,1.2913797029759735,200,True
verify-memory_pressure-candidate-rep3-20260920T041304Z,memory_pressure_candidate,native,1,2026-09-20T04:14:12.269869+00:00,0.5884741188492626,200,True
verify-memory_pressure-candidate-rep3-20260920T041304Z,memory_pressure_candidate,native,1,2026-09-20T04:14:13.269946+00:00,0.2566057660151273,200,True
verify-memory_pressure-candidate-rep3-20260920T041304Z,memory_pressure_candidate,native,1,2026-09-20T04:14:14.271694+00:00,0.2879010960459709,200,True
verify-memory_pressure-candidate-rep3-20260920T041304Z,memory_pressure_candidate,native,1,2026-09-20T04:14:15.269892+00:00,0.18520870292559266,200,True
verify-memory_pressure-candidate-rep3-20260920T041304Z,memory_pressure_candidate,native,1,2026-09-20T04:14:16.272492+00:00,0.26772058103233576,200,True
verify-memory_pressure-candidate-rep3-20260920T041304Z,memory_pressure_candidate,native,1,2026-09-20T04:14:17.270370+00:00,0.20707801985554397,200,True
verify-memory_pressure-candidate-rep3-20260920T041304Z,memory_pressure_candidate,native,1,2026-09-20T04:14:18.270059+00:00,0.2681272749323398,200,True
verify-memory_pressure-candidate-rep3-20260920T041304Z,memory_pressure_candidate,native,1,2026-09-20T04:14:19.271809+00:00,0.2589432979002595,200,True
verify-memory_pressure-candidate-rep3-20260920T041304Z,memory_pressure_candidate,native,1,2026-09-20T04:14:20.269711+00:00,0.2580564930103719,200,True
verify-memory_pressure-candidate-rep3-20260920T041304Z,memory_pressure_candidate,native,1,2026-09-20T04:14:21.272383+00:00,0.25762840104289353,200,True
verify-memory_pressure-candidate-rep3-20260920T041304Z,memory_pressure_candidate,native,1,2026-09-20T04:14:22.270024+00:00,0.18947321292944252,200,True
verify-memory_pressure-candidate-rep3-20260920T041304Z,memory_pressure_candidate,native,1,2026-09-20T04:14:23.269819+00:00,0.2606603601016104,200,True
verify-memory_pressure-candidate-rep3-20260920T041304Z,memory_pressure_candidate,native,1,2026-09-20T04:14:24.269783+00:00,0.3023140919394791,200,True
verify-memory_pressure-candidate-rep3-20260920T041304Z,memory_pressure_candidate,native,1,2026-09-20T04:14:25.269983+00:00,0.27716149808838964,200,True
verify-memory_pressure-candidate-rep3-20260920T041304Z,memory_pressure_candidate,native,1,2026-09-20T04:14:26.269697+00:00,0.1819740019273013,200,True
verify-memory_pressure-candidate-rep3-20260920T041304Z,memory_pressure_candidate,native,1,2026-09-20T04:14:27.273781+00:00,0.1739715680014342,200,True
verify-memory_pressure-candidate-rep3-20260920T041304Z,memory_pressure_candidate,native,1,2026-09-20T04:14:28.269963+00:00,0.18851244007237256,200,True
verify-memory_pressure-candidate-rep3-20260920T041304Z,memory_pressure_candidate,native,1,2026-09-20T04:14:29.269576+00:00,0.26388330291956663,200,True
verify-memory_pressure-candidate-rep3-20260920T041304Z,memory_pressure_candidate,native,1,2026-09-20T04:14:30.272549+00:00,0.1810452479403466,200,True
verify-memory_pressure-candidate-rep3-20260920T041304Z,memory_pressure_candidate,native,1,2026-09-20T04:14:31.269203+00:00,0.27196278399787843,200,True
verify-memory_pressure-candidate-rep3-20260920T041304Z,memory_pressure_candidate,native,1,2026-09-20T04:14:32.270976+00:00,0.2532273328397423,200,True
verify-memory_pressure-candidate-rep3-20260920T041304Z,memory_pressure_candidate,native,1,2026-09-20T04:14:33.269865+00:00,0.2713888008147478,200,True
verify-memory_pressure-candidate-rep3-20260920T041304Z,memory_pressure_candidate,native,1,2026-09-20T04:14:34.269713+00:00,0.2709324760362506,200,True
verify-memory_pressure-candidate-rep3-20260920T041304Z,memory_pressure_candidate,native,1,2026-09-20T04:14:35.269484+00:00,0.1915109248366207,200,True
verify-memory_pressure-candidate-rep3-20260920T041304Z,memory_pressure_candidate,native,1,2026-09-20T04:14:36.274330+00:00,0.2836497840471566,200,True
verify-memory_pressure-candidate-rep3-20260920T041304Z,memory_pressure_candidate,native,1,2026-09-20T04:14:37.269495+00:00,0.2597740900237113,200,True
verify-memory_pressure-candidate-rep3-20260920T041304Z,memory_pressure_candidate,native,1,2026-09-20T04:14:38.270569+00:00,0.19139744294807315,200,True
verify-memory_pressure-candidate-rep3-20260920T041304Z,memory_pressure_candidate,native,1,2026-09-20T04:14:39.269767+00:00,0.25863140006549656,200,True
verify-memory_pressure-candidate-rep3-20260920T041304Z,memory_pressure_candidate,native,1,2026-09-20T04:14:40.269479+00:00,0.261987985111773,200,True
verify-memory_pressure-candidate-rep3-20260920T041304Z,memory_pressure_candidate,native,1,2026-09-20T04:14:41.279071+00:00,0.19725968898274004,200,True
verify-memory_pressure-candidate-rep3-20260920T041304Z,memory_pressure_candidate,native,1,2026-09-20T04:14:42.269993+00:00,0.2542302368674427,200,True
verify-memory_pressure-candidate-rep3-20260920T041304Z,memory_pressure_candidate,native,1,2026-09-20T04:14:43.270091+00:00,0.17776523507200181,200,True
verify-memory_pressure-candidate-rep3-20260920T041304Z,memory_pressure_candidate,native,1,2026-09-20T04:14:44.269801+00:00,0.2001042130868882,200,True
verify-memory_pressure-candidate-rep3-20260920T041304Z,memory_pressure_candidate,native,1,2026-09-20T04:14:45.270067+00:00,0.18697268003597856,200,True
verify-memory_pressure-candidate-rep3-20260920T041304Z,memory_pressure_candidate,native,1,2026-09-20T04:14:46.273593+00:00,0.18575686286203563,200,True
verify-memory_pressure-candidate-rep3-20260920T041304Z,memory_pressure_candidate,native,1,2026-09-20T04:14:47.269374+00:00,0.2885799529030919,200,True
verify-memory_pressure-candidate-rep3-20260920T041304Z,memory_pressure_candidate,native,1,2026-09-20T04:14:48.270086+00:00,0.1783456509001553,200,True
verify-memory_pressure-candidate-rep3-20260920T041304Z,memory_pressure_candidate,native,1,2026-09-20T04:14:49.269458+00:00,0.259242330910638,200,True
verify-memory_pressure-candidate-rep3-20260920T041304Z,memory_pressure_candidate,native,1,2026-09-20T04:14:50.269635+00:00,0.2556318819988519,200,True
verify-memory_pressure-candidate-rep3-20260920T041304Z,memory_pressure_candidate,native,1,2026-09-20T04:14:51.269941+00:00,0.2729676009621471,200,True
verify-memory_pressure-candidate-rep3-20260920T041304Z,memory_pressure_candidate,native,1,2026-09-20T04:14:52.269897+00:00,0.27141889394260943,200,True
verify-memory_pressure-candidate-rep3-20260920T041304Z,memory_pressure_candidate,native,1,2026-09-20T04:14:53.270593+00:00,0.2611906980164349,200,True
verify-memory_pressure-candidate-rep3-20260920T041304Z,memory_pressure_candidate,native,1,2026-09-20T04:14:54.269764+00:00,0.1944891179446131,200,True
verify-memory_pressure-candidate-rep3-20260920T041304Z,memory_pressure_candidate,native,1,2026-09-20T04:14:55.269377+00:00,0.2533975401893258,200,True
verify-memory_pressure-candidate-rep3-20260920T041304Z,memory_pressure_candidate,native,1,2026-09-20T04:14:56.270044+00:00,0.27804473880678415,200,True
verify-memory_pressure-candidate-rep3-20260920T041304Z,memory_pressure_candidate,native,1,2026-09-20T04:14:57.269311+00:00,0.2926537930034101,200,True
verify-memory_pressure-candidate-rep3-20260920T041304Z,memory_pressure_candidate,native,1,2026-09-20T04:14:58.269475+00:00,0.28568538604304194,200,True
verify-memory_pressure-candidate-rep3-20260920T041304Z,memory_pressure_candidate,native,1,2026-09-20T04:14:59.271058+00:00,0.25381578295491636,200,True
verify-memory_pressure-candidate-rep3-20260920T041304Z,memory_pressure_candidate,native,1,2026-09-20T04:15:00.271050+00:00,0.17251522303558886,200,True
verify-memory_pressure-candidate-rep3-20260920T041304Z,memory_pressure_candidate,native,1,2026-09-20T04:15:01.269875+00:00,0.27254755585454404,200,True
verify-memory_pressure-candidate-rep3-20260920T041304Z,memory_pressure_candidate,native,1,2026-09-20T04:15:02.269373+00:00,0.25967504899017513,200,True
verify-memory_pressure-candidate-rep3-20260920T041304Z,memory_pressure_candidate,native,1,2026-09-20T04:15:03.269448+00:00,0.2609431480523199,200,True
verify-memory_pressure-candidate-rep3-20260920T041304Z,memory_pressure_candidate,native,1,2026-09-20T04:15:04.270056+00:00,0.19358063186518848,200,True
verify-memory_pressure-candidate-rep3-20260920T041304Z,memory_pressure_candidate,native,1,2026-09-20T04:15:05.269416+00:00,0.25872207595966756,200,True
verify-memory_pressure-candidate-rep3-20260920T041304Z,memory_pressure_candidate,native,1,2026-09-20T04:15:06.270006+00:00,0.2746036718599498,200,True
verify-memory_pressure-candidate-rep3-20260920T041304Z,memory_pressure_candidate,native,1,2026-09-20T04:15:07.271426+00:00,0.25501138297840953,200,True
verify-memory_pressure-candidate-rep3-20260920T041304Z,memory_pressure_candidate,native,1,2026-09-20T04:15:08.272850+00:00,0.17182328505441546,200,True
verify-memory_pressure-candidate-rep3-20260920T041304Z,memory_pressure_candidate,native,1,2026-09-20T04:15:09.269377+00:00,0.17254620883613825,200,True
verify-memory_pressure-candidate-rep3-20260920T041304Z,memory_pressure_candidate,native,1,2026-09-20T04:15:10.274439+00:00,0.2671845708973706,200,True
verify-memory_pressure-candidate-rep3-20260920T041304Z,memory_pressure_candidate,native,1,2026-09-20T04:15:11.269685+00:00,0.27151983487419784,200,True
verify-memory_pressure-candidate-rep3-20260920T041304Z,memory_pressure_candidate,native,1,2026-09-20T04:15:12.270199+00:00,0.28373729600571096,200,True
verify-memory_pressure-candidate-rep3-20260920T041304Z,memory_pressure_candidate,native,1,2026-09-20T04:15:13.270169+00:00,0.18556227209046483,200,True
verify-memory_pressure-candidate-rep3-20260920T041304Z,memory_pressure_candidate,native,1,2026-09-20T04:15:14.270072+00:00,0.28218052512966096,200,True
verify-memory_pressure-candidate-rep3-20260920T041304Z,memory_pressure_candidate,native,1,2026-09-20T04:15:15.269867+00:00,0.2545397439971566,200,True
verify-memory_pressure-candidate-rep3-20260920T041304Z,memory_pressure_candidate,native,1,2026-09-20T04:15:16.269970+00:00,0.35021464992314577,200,True
verify-memory_pressure-candidate-rep3-20260920T041304Z,memory_pressure_candidate,native,1,2026-09-20T04:15:17.270520+00:00,0.2900937390513718,200,True
verify-memory_pressure-candidate-rep3-20260920T041304Z,memory_pressure_candidate,native,1,2026-09-20T04:15:18.278978+00:00,0.25400439091026783,200,True
verify-memory_pressure-candidate-rep3-20260920T041304Z,memory_pressure_candidate,native,1,2026-09-20T04:15:19.269641+00:00,0.18915828503668308,200,True
verify-memory_pressure-candidate-rep3-20260920T041304Z,memory_pressure_candidate,native,1,2026-09-20T04:15:20.282514+00:00,0.25903855403885245,200,True
verify-memory_pressure-candidate-rep3-20260920T041304Z,memory_pressure_candidate,native,1,2026-09-20T04:15:21.274668+00:00,0.3483769779559225,200,True
verify-memory_pressure-candidate-rep3-20260920T041304Z,memory_pressure_candidate,native,1,2026-09-20T04:15:22.270118+00:00,0.2801743659656495,200,True
verify-memory_pressure-candidate-rep3-20260920T041304Z,memory_pressure_candidate,native,1,2026-09-20T04:15:23.271581+00:00,0.28510697302408516,200,True
verify-memory_pressure-candidate-rep3-20260920T041304Z,memory_pressure_candidate,native,1,2026-09-20T04:15:24.269620+00:00,0.26885432400740683,200,True
verify-memory_pressure-candidate-rep3-20260920T041304Z,memory_pressure_candidate,native,1,2026-09-20T04:15:25.269632+00:00,0.18545034807175398,200,True
verify-memory_pressure-candidate-rep3-20260920T041304Z,memory_pressure_candidate,native,1,2026-09-20T04:15:26.270034+00:00,0.2631480221170932,200,True
verify-memory_pressure-candidate-rep3-20260920T041304Z,memory_pressure_candidate,native,1,2026-09-20T04:15:27.269318+00:00,0.280324119143188,200,True
verify-memory_pressure-candidate-rep3-20260920T041304Z,memory_pressure_candidate,native,1,2026-09-20T04:15:28.271117+00:00,0.28259899094700813,200,True
verify-memory_pressure-candidate-rep3-20260920T041304Z,memory_pressure_candidate,native,1,2026-09-20T04:15:29.271325+00:00,0.2689546071924269,200,True
verify-memory_pressure-candidate-rep3-20260920T041304Z,memory_pressure_candidate,native,1,2026-09-20T04:15:30.269262+00:00,0.27298872894607484,200,True
verify-memory_pressure-candidate-rep3-20260920T041304Z,memory_pressure_candidate,native,1,2026-09-20T04:15:31.277273+00:00,0.27929603797383606,200,True
verify-memory_pressure-candidate-rep3-20260920T041304Z,memory_pressure_candidate,native,1,2026-09-20T04:15:32.270305+00:00,0.175207237014547,200,True
verify-memory_pressure-candidate-rep3-20260920T041304Z,memory_pressure_candidate,native,1,2026-09-20T04:15:33.269620+00:00,0.2789303921163082,200,True
verify-memory_pressure-candidate-rep3-20260920T041304Z,memory_pressure_candidate,native,1,2026-09-20T04:15:34.269720+00:00,0.24853637698106468,200,True
verify-memory_pressure-candidate-rep3-20260920T041304Z,memory_pressure_candidate,native,1,2026-09-20T04:15:35.269784+00:00,0.18436141312122345,200,True
verify-memory_pressure-candidate-rep3-20260920T041304Z,memory_pressure_candidate,native,1,2026-09-20T04:15:36.269658+00:00,0.2531195969786495,200,True
verify-memory_pressure-candidate-rep3-20260920T041304Z,memory_pressure_candidate,native,1,2026-09-20T04:15:37.269327+00:00,0.17530272295698524,200,True
verify-memory_pressure-candidate-rep3-20260920T041304Z,memory_pressure_candidate,native,1,2026-09-20T04:15:38.278903+00:00,0.18873629602603614,200,True
verify-memory_pressure-candidate-rep3-20260920T041304Z,memory_pressure_candidate,native,1,2026-09-20T04:15:39.269228+00:00,0.17129140393808484,200,True
verify-memory_pressure-candidate-rep3-20260920T041304Z,memory_pressure_candidate,native,1,2026-09-20T04:15:40.269443+00:00,0.25303883710876107,200,True
verify-memory_pressure-candidate-rep3-20260920T041304Z,memory_pressure_candidate,native,1,2026-09-20T04:15:41.270137+00:00,0.253220482962206,200,True
verify-memory_pressure-candidate-rep3-20260920T041304Z,memory_pressure_candidate,native,1,2026-09-20T04:15:42.271054+00:00,0.1725416008848697,200,True
verify-memory_pressure-candidate-rep3-20260920T041304Z,memory_pressure_candidate,native,1,2026-09-20T04:15:43.269378+00:00,0.20354241412132978,200,True
verify-memory_pressure-candidate-rep3-20260920T041304Z,memory_pressure_candidate,native,1,2026-09-20T04:15:44.269262+00:00,0.2601890149526298,200,True
verify-memory_pressure-candidate-rep3-20260920T041304Z,memory_pressure_candidate,native,1,2026-09-20T04:15:45.269793+00:00,0.248576631071046,200,True
verify-memory_pressure-candidate-rep3-20260920T041304Z,memory_pressure_candidate,native,1,2026-09-20T04:15:46.270509+00:00,0.1643620040267706,200,True
verify-memory_pressure-candidate-rep3-20260920T041304Z,memory_pressure_candidate,native,1,2026-09-20T04:15:47.269748+00:00,0.2719998119864613,200,True
verify-memory_pressure-candidate-rep3-20260920T041304Z,memory_pressure_candidate,native,1,2026-09-20T04:15:48.269901+00:00,0.27219342603348196,200,True
verify-memory_pressure-candidate-rep3-20260920T041304Z,memory_pressure_candidate,native,1,2026-09-20T04:15:49.273052+00:00,0.25372061179950833,200,True
verify-memory_pressure-candidate-rep3-20260920T041304Z,memory_pressure_candidate,native,1,2026-09-20T04:15:50.269109+00:00,0.18461838993243873,200,True
verify-memory_pressure-candidate-rep3-20260920T041304Z,memory_pressure_candidate,native,1,2026-09-20T04:15:51.269375+00:00,0.25501413200981915,200,True
verify-memory_pressure-candidate-rep3-20260920T041304Z,memory_pressure_candidate,native,1,2026-09-20T04:15:52.273399+00:00,0.17085328488610685,200,True
verify-memory_pressure-candidate-rep3-20260920T041304Z,memory_pressure_candidate,native,1,2026-09-20T04:15:53.270633+00:00,0.2702685738913715,200,True
verify-memory_pressure-candidate-rep3-20260920T041304Z,memory_pressure_candidate,native,1,2026-09-20T04:15:54.272549+00:00,0.28010367206297815,200,True
verify-memory_pressure-candidate-rep3-20260920T041304Z,memory_pressure_candidate,native,1,2026-09-20T04:15:55.270690+00:00,0.1908608430530876,200,True
verify-memory_pressure-candidate-rep3-20260920T041304Z,memory_pressure_candidate,native,1,2026-09-20T04:15:56.269661+00:00,0.26011264603585005,200,True
verify-memory_pressure-candidate-rep3-20260920T041304Z,memory_pressure_candidate,native,1,2026-09-20T04:15:57.269298+00:00,0.2842693601269275,200,True
verify-memory_pressure-candidate-rep3-20260920T041304Z,memory_pressure_candidate,native,1,2026-09-20T04:15:58.272531+00:00,0.28471042099408805,200,True
verify-memory_pressure-candidate-rep3-20260920T041304Z,memory_pressure_candidate,native,1,2026-09-20T04:15:59.269710+00:00,0.18834691704250872,200,True
verify-memory_pressure-candidate-rep3-20260920T041304Z,memory_pressure_candidate,native,1,2026-09-20T04:16:00.274648+00:00,0.16771449497900903,200,True
verify-memory_pressure-candidate-rep3-20260920T041304Z,memory_pressure_candidate,native,1,2026-09-20T04:16:01.272923+00:00,0.1801873028744012,200,True
verify-memory_pressure-candidate-rep3-20260920T041304Z,memory_pressure_candidate,native,1,2026-09-20T04:16:02.270280+00:00,0.2941642580553889,200,True
verify-memory_pressure-candidate-rep3-20260920T041304Z,memory_pressure_candidate,native,1,2026-09-20T04:16:03.271430+00:00,0.19167782994918525,200,True
verify-memory_pressure-candidate-rep3-20260920T041304Z,memory_pressure_candidate,native,1,2026-09-20T04:16:04.269235+00:00,0.27769161108881235,200,True
verify-memory_pressure-candidate-rep3-20260920T041304Z,memory_pressure_candidate,native,1,2026-09-20T04:16:05.269534+00:00,0.1841550748795271,200,True
verify-memory_pressure-candidate-rep3-20260920T041304Z,memory_pressure_candidate,native,1,2026-09-20T04:16:06.269710+00:00,0.1730329899583012,200,True
verify-memory_pressure-candidate-rep3-20260920T041304Z,memory_pressure_candidate,native,1,2026-09-20T04:16:07.270145+00:00,0.2635912171099335,200,True
verify-memory_pressure-candidate-rep3-20260920T041304Z,memory_pressure_candidate,native,1,2026-09-20T04:16:08.269765+00:00,0.2553851760458201,200,True
verify-memory_pressure-candidate-rep3-20260920T041304Z,memory_pressure_candidate,native,1,2026-09-20T04:16:09.269955+00:00,0.2555476659908891,200,True
verify-memory_pressure-candidate-rep3-20260920T041304Z,memory_pressure_candidate,native,1,2026-09-20T04:16:10.269973+00:00,0.26125124306418,200,True
verify-memory_pressure-candidate-rep3-20260920T041304Z,memory_pressure_candidate,native,1,2026-09-20T04:16:11.269484+00:00,0.26462440099567175,200,True
verify-memory_pressure-candidate-rep3-20260920T041304Z,memory_pressure_candidate,native,1,2026-09-20T04:16:12.269969+00:00,0.18785054702311754,200,True
verify-memory_pressure-candidate-rep3-20260920T041304Z,memory_pressure_candidate,native,1,2026-09-20T04:16:13.270577+00:00,0.261294700903818,200,True
verify-memory_pressure-candidate-rep3-20260920T041304Z,memory_pressure_candidate,native,1,2026-09-20T04:16:14.269677+00:00,0.2738539238926023,200,True
verify-memory_pressure-candidate-rep3-20260920T041304Z,memory_pressure_candidate,native,1,2026-09-20T04:16:15.273744+00:00,0.266378564061597,200,True
verify-memory_pressure-candidate-rep3-20260920T041304Z,memory_pressure_candidate,native,1,2026-09-20T04:16:16.270621+00:00,0.17376341205090284,200,True
verify-memory_pressure-candidate-rep3-20260920T041304Z,memory_pressure_candidate,native,1,2026-09-20T04:16:17.269580+00:00,0.2521605920046568,200,True
verify-memory_pressure-candidate-rep3-20260920T041304Z,memory_pressure_candidate,native,1,2026-09-20T04:16:18.273005+00:00,0.19127564504742622,200,True
verify-memory_pressure-candidate-rep3-20260920T041304Z,memory_pressure_candidate,native,1,2026-09-20T04:16:19.269678+00:00,0.1799193429760635,200,True
verify-memory_pressure-candidate-rep3-20260920T041304Z,memory_pressure_candidate,native,1,2026-09-20T04:16:20.269948+00:00,0.25373276602476835,200,True
verify-memory_pressure-candidate-rep3-20260920T041304Z,memory_pressure_candidate,native,1,2026-09-20T04:16:21.269685+00:00,0.1920246290974319,200,True
verify-memory_pressure-candidate-rep3-20260920T041304Z,memory_pressure_candidate,native,1,2026-09-20T04:16:22.271127+00:00,0.18227785592898726,200,True
verify-memory_pressure-candidate-rep3-20260920T041304Z,memory_pressure_candidate,native,1,2026-09-20T04:16:23.272872+00:00,0.2688061399385333,200,True
verify-memory_pressure-candidate-rep3-20260920T041304Z,memory_pressure_candidate,native,1,2026-09-20T04:16:24.282414+00:00,0.18128722184337676,200,True
verify-memory_pressure-candidate-rep3-20260920T041304Z,memory_pressure_candidate,native,1,2026-09-20T04:16:25.270848+00:00,0.2690025200136006,200,True
verify-memory_pressure-candidate-rep3-20260920T041304Z,memory_pressure_candidate,native,1,2026-09-20T04:16:26.269290+00:00,0.19289959105663002,200,True
verify-memory_pressure-candidate-rep3-20260920T041304Z,memory_pressure_candidate,native,1,2026-09-20T04:16:27.269332+00:00,0.28715364495292306,200,True
verify-memory_pressure-candidate-rep3-20260920T041304Z,memory_pressure_candidate,native,1,2026-09-20T04:16:28.269129+00:00,0.2789377369917929,200,True
verify-memory_pressure-candidate-rep3-20260920T041304Z,memory_pressure_candidate,native,1,2026-09-20T04:16:29.269399+00:00,0.2774894959293306,200,True
verify-memory_pressure-candidate-rep3-20260920T041304Z,memory_pressure_candidate,native,1,2026-09-20T04:16:30.271147+00:00,0.29277557088062167,200,True
verify-memory_pressure-candidate-rep3-20260920T041304Z,memory_pressure_candidate,native,1,2026-09-20T04:16:31.271639+00:00,0.2753558710683137,200,True
verify-memory_pressure-candidate-rep3-20260920T041304Z,memory_pressure_candidate,native,1,2026-09-20T04:16:32.269392+00:00,0.1752530529629439,200,True
verify-memory_pressure-candidate-rep3-20260920T041304Z,memory_pressure_candidate,native,1,2026-09-20T04:16:33.269844+00:00,0.2857259011361748,200,True
verify-memory_pressure-candidate-rep3-20260920T041304Z,memory_pressure_candidate,native,1,2026-09-20T04:16:34.273900+00:00,0.18588106404058635,200,True
verify-memory_pressure-candidate-rep3-20260920T041304Z,memory_pressure_candidate,native,1,2026-09-20T04:16:35.269646+00:00,0.19367286912165582,200,True
verify-memory_pressure-candidate-rep3-20260920T041304Z,memory_pressure_candidate,native,1,2026-09-20T04:16:36.269689+00:00,0.2545648680534214,200,True
verify-memory_pressure-candidate-rep3-20260920T041304Z,memory_pressure_candidate,native,1,2026-09-20T04:16:37.269467+00:00,0.1883184548933059,200,True
verify-memory_pressure-candidate-rep3-20260920T041304Z,memory_pressure_candidate,native,1,2026-09-20T04:16:38.269807+00:00,0.25462060794234276,200,True
verify-memory_pressure-candidate-rep3-20260920T041304Z,memory_pressure_candidate,native,1,2026-09-20T04:16:39.270096+00:00,0.18873642408289015,200,True
verify-memory_pressure-candidate-rep3-20260920T041304Z,memory_pressure_candidate,native,1,2026-09-20T04:16:40.270195+00:00,0.2717251779977232,200,True
verify-memory_pressure-candidate-rep3-20260920T041304Z,memory_pressure_candidate,native,1,2026-09-20T04:16:41.271278+00:00,0.26939156791195273,200,True
verify-memory_pressure-candidate-rep3-20260920T041304Z,memory_pressure_candidate,native,1,2026-09-20T04:16:42.269910+00:00,0.19503096700645983,200,True
verify-memory_pressure-candidate-rep3-20260920T041304Z,memory_pressure_candidate,native,1,2026-09-20T04:16:43.278102+00:00,0.2712094518356025,200,True
verify-memory_pressure-candidate-rep3-20260920T041304Z,memory_pressure_candidate,native,1,2026-09-20T04:16:44.275717+00:00,0.2433566499967128,200,True
verify-memory_pressure-candidate-rep3-20260920T041304Z,memory_pressure_candidate,native,1,2026-09-20T04:16:45.270086+00:00,0.35780655895359814,200,True
verify-memory_pressure-candidate-rep3-20260920T041304Z,memory_pressure_candidate,native,1,2026-09-20T04:16:46.269544+00:00,0.189713692991063,200,True
verify-memory_pressure-candidate-rep3-20260920T041304Z,memory_pressure_candidate,native,1,2026-09-20T04:16:47.270988+00:00,0.26503029908053577,200,True
verify-memory_pressure-candidate-rep3-20260920T041304Z,memory_pressure_candidate,native,1,2026-09-20T04:16:48.270925+00:00,0.2724797271657735,200,True
verify-memory_pressure-candidate-rep3-20260920T041304Z,memory_pressure_candidate,native,1,2026-09-20T04:16:49.270019+00:00,0.17533041699789464,200,True
verify-memory_pressure-candidate-rep3-20260920T041304Z,memory_pressure_candidate,native,1,2026-09-20T04:16:50.269336+00:00,0.2840368419419974,200,True
verify-memory_pressure-candidate-rep3-20260920T041304Z,memory_pressure_candidate,native,1,2026-09-20T04:16:51.270016+00:00,0.25140481698326766,200,True
verify-memory_pressure-candidate-rep3-20260920T041304Z,memory_pressure_candidate,native,1,2026-09-20T04:16:52.269865+00:00,0.17990871495567262,200,True
verify-memory_pressure-candidate-rep3-20260920T041304Z,memory_pressure_candidate,native,1,2026-09-20T04:16:53.269563+00:00,0.2703816229477525,200,True
verify-memory_pressure-candidate-rep3-20260920T041304Z,memory_pressure_candidate,native,1,2026-09-20T04:16:54.269729+00:00,0.18510474893264472,200,True
verify-memory_pressure-candidate-rep3-20260920T041304Z,memory_pressure_candidate,native,1,2026-09-20T04:16:55.270178+00:00,0.29489367408677936,200,True
verify-memory_pressure-candidate-rep3-20260920T041304Z,memory_pressure_candidate,native,1,2026-09-20T04:16:56.269394+00:00,0.1872683959081769,200,True
verify-memory_pressure-candidate-rep3-20260920T041304Z,memory_pressure_candidate,native,1,2026-09-20T04:16:57.270281+00:00,0.19998246082104743,200,True
verify-memory_pressure-candidate-rep3-20260920T041304Z,memory_pressure_candidate,native,1,2026-09-20T04:16:58.270068+00:00,0.2751478289719671,200,True
verify-memory_pressure-candidate-rep3-20260920T041304Z,memory_pressure_candidate,native,1,2026-09-20T04:16:59.270092+00:00,0.18618521303869784,200,True
verify-memory_pressure-candidate-rep3-20260920T041304Z,memory_pressure_candidate,native,1,2026-09-20T04:17:00.269450+00:00,0.25562295713461936,200,True
verify-memory_pressure-candidate-rep3-20260920T041304Z,memory_pressure_candidate,native,1,2026-09-20T04:17:01.269758+00:00,0.25892175105400383,200,True
verify-memory_pressure-candidate-rep3-20260920T041304Z,memory_pressure_candidate,native,1,2026-09-20T04:17:02.270919+00:00,0.26838149409741163,200,True
verify-memory_pressure-candidate-rep3-20260920T041304Z,memory_pressure_candidate,native,1,2026-09-20T04:17:03.269319+00:00,0.2547956882044673,200,True
verify-memory_pressure-candidate-rep3-20260920T041304Z,memory_pressure_candidate,native,1,2026-09-20T04:17:04.269924+00:00,0.1945566290523857,200,True
verify-memory_pressure-candidate-rep3-20260920T041304Z,memory_pressure_candidate,native,1,2026-09-20T04:17:05.271647+00:00,0.25407698610797524,200,True
verify-memory_pressure-candidate-rep3-20260920T041304Z,memory_pressure_candidate,native,1,2026-09-20T04:17:06.269491+00:00,0.25842876895330846,200,True
verify-memory_pressure-candidate-rep3-20260920T041304Z,memory_pressure_candidate,native,1,2026-09-20T04:17:07.269818+00:00,0.2537047709338367,200,True
verify-memory_pressure-candidate-rep3-20260920T041304Z,memory_pressure_candidate,native,1,2026-09-20T04:17:08.269337+00:00,0.25521460408344865,200,True
verify-memory_pressure-candidate-rep3-20260920T041304Z,memory_pressure_candidate,native,1,2026-09-20T04:17:09.269258+00:00,0.1812893080059439,200,True
verify-memory_pressure-candidate-rep3-20260920T041304Z,memory_pressure_candidate,native,1,2026-09-20T04:17:10.273940+00:00,0.26868471410125494,200,True
verify-memory_pressure-candidate-rep3-20260920T041304Z,memory_pressure_candidate,native,1,2026-09-20T04:17:11.270310+00:00,0.26176352403126657,200,True
verify-memory_pressure-candidate-rep3-20260920T041304Z,memory_pressure_candidate,native,1,2026-09-20T04:17:12.269450+00:00,0.2609896659851074,200,True
verify-memory_pressure-candidate-rep3-20260920T041304Z,memory_pressure_candidate,native,1,2026-09-20T04:17:13.269425+00:00,0.18949498096480966,200,True
verify-memory_pressure-candidate-rep3-20260920T041304Z,memory_pressure_candidate,native,1,2026-09-20T04:17:14.271694+00:00,0.28074378799647093,200,True
verify-memory_pressure-candidate-rep3-20260920T041304Z,memory_pressure_candidate,native,1,2026-09-20T04:17:15.270466+00:00,0.2729933687951416,200,True
verify-memory_pressure-candidate-rep3-20260920T041304Z,memory_pressure_candidate,native,1,2026-09-20T04:17:16.270122+00:00,0.30495383800007403,200,True
verify-memory_pressure-candidate-rep3-20260920T041304Z,memory_pressure_candidate,native,1,2026-09-20T04:17:17.270008+00:00,0.2664366071112454,200,True
verify-memory_pressure-candidate-rep3-20260920T041304Z,memory_pressure_candidate,native,1,2026-09-20T04:17:18.271024+00:00,0.28277749894186854,200,True
verify-memory_pressure-candidate-rep3-20260920T041304Z,memory_pressure_candidate,native,1,2026-09-20T04:17:19.273279+00:00,0.1787918689660728,200,True
verify-memory_pressure-candidate-rep3-20260920T041304Z,memory_pressure_candidate,native,1,2026-09-20T04:17:20.270820+00:00,0.2842154197860509,200,True
verify-memory_pressure-candidate-rep3-20260920T041304Z,memory_pressure_candidate,native,1,2026-09-20T04:17:21.269936+00:00,0.18277564994059503,200,True
verify-memory_pressure-candidate-rep3-20260920T041304Z,memory_pressure_candidate,native,1,2026-09-20T04:17:22.269931+00:00,0.27567408815957606,200,True
verify-memory_pressure-candidate-rep3-20260920T041304Z,memory_pressure_candidate,native,1,2026-09-20T04:17:23.269863+00:00,0.27288421196863055,200,True
verify-memory_pressure-candidate-rep3-20260920T041304Z,memory_pressure_candidate,native,1,2026-09-20T04:17:24.269663+00:00,0.2982400208711624,200,True
verify-memory_pressure-candidate-rep3-20260920T041304Z,memory_pressure_candidate,native,1,2026-09-20T04:17:25.269191+00:00,0.3721211089286953,200,True
verify-memory_pressure-candidate-rep3-20260920T041304Z,memory_pressure_candidate,native,1,2026-09-20T04:17:26.269827+00:00,0.49484804598614573,200,True
verify-memory_pressure-candidate-rep3-20260920T041304Z,memory_pressure_candidate,native,1,2026-09-20T04:17:27.269642+00:00,0.28743246383965015,200,True
verify-memory_pressure-candidate-rep3-20260920T041304Z,memory_pressure_candidate,native,1,2026-09-20T04:17:28.269297+00:00,0.1815882408991456,200,True
verify-memory_pressure-candidate-rep3-20260920T041304Z,memory_pressure_candidate,native,1,2026-09-20T04:17:29.269862+00:00,0.26509947096928954,200,True
verify-memory_pressure-candidate-rep3-20260920T041304Z,memory_pressure_candidate,native,1,2026-09-20T04:17:30.271331+00:00,0.2738694220315665,200,True
verify-memory_pressure-candidate-rep3-20260920T041304Z,memory_pressure_candidate,native,1,2026-09-20T04:17:31.274096+00:00,0.2743130521848798,200,True
verify-memory_pressure-candidate-rep3-20260920T041304Z,memory_pressure_candidate,native,1,2026-09-20T04:17:32.269726+00:00,0.35285483091138303,200,True
verify-memory_pressure-candidate-rep3-20260920T041304Z,memory_pressure_candidate,native,1,2026-09-20T04:17:33.269340+00:00,0.2793308219406754,200,True
verify-memory_pressure-candidate-rep3-20260920T041304Z,memory_pressure_candidate,native,1,2026-09-20T04:17:34.270158+00:00,0.17871621903032064,200,True
verify-memory_pressure-candidate-rep3-20260920T041304Z,memory_pressure_candidate,native,1,2026-09-20T04:17:35.271597+00:00,0.25616066507063806,200,True
verify-memory_pressure-candidate-rep3-20260920T041304Z,memory_pressure_candidate,native,1,2026-09-20T04:17:36.270550+00:00,0.1923839661758393,200,True
verify-memory_pressure-candidate-rep3-20260920T041304Z,memory_pressure_candidate,native,1,2026-09-20T04:17:37.270016+00:00,0.2704972929786891,200,True
verify-memory_pressure-candidate-rep3-20260920T041304Z,memory_pressure_candidate,native,1,2026-09-20T04:17:38.269932+00:00,0.26182497991248965,200,True
verify-memory_pressure-candidate-rep3-20260920T041304Z,memory_pressure_candidate,native,1,2026-09-20T04:17:39.270150+00:00,0.18170256400480866,200,True
verify-memory_pressure-candidate-rep3-20260920T041304Z,memory_pressure_candidate,native,1,2026-09-20T04:17:40.269847+00:00,0.17607284989207983,200,True
verify-memory_pressure-candidate-rep3-20260920T041304Z,memory_pressure_candidate,native,1,2026-09-20T04:17:41.270913+00:00,0.17005515191704035,200,True
verify-memory_pressure-candidate-rep3-20260920T041304Z,memory_pressure_candidate,native,1,2026-09-20T04:17:42.270744+00:00,0.25463717011734843,200,True
verify-memory_pressure-candidate-rep3-20260920T041304Z,memory_pressure_candidate,native,1,2026-09-20T04:17:43.269565+00:00,0.18827573396265507,200,True
verify-memory_pressure-candidate-rep3-20260920T041304Z,memory_pressure_candidate,native,1,2026-09-20T04:17:44.269738+00:00,0.2901359931565821,200,True
verify-memory_pressure-candidate-rep3-20260920T041304Z,memory_pressure_candidate,native,1,2026-09-20T04:17:45.270123+00:00,0.28012920496985316,200,True
verify-memory_pressure-candidate-rep3-20260920T041304Z,memory_pressure_candidate,native,1,2026-09-20T04:17:46.269872+00:00,0.27289389981888235,200,True
verify-memory_pressure-candidate-rep3-20260920T041304Z,memory_pressure_candidate,native,1,2026-09-20T04:17:47.273190+00:00,0.2910503738094121,200,True
verify-memory_pressure-candidate-rep3-20260920T041304Z,memory_pressure_candidate,native,1,2026-09-20T04:17:48.269918+00:00,0.28012581006623805,200,True
verify-memory_pressure-candidate-rep3-20260920T041304Z,memory_pressure_candidate,native,1,2026-09-20T04:17:49.277769+00:00,0.26993239391595125,200,True
verify-memory_pressure-candidate-rep3-20260920T041304Z,memory_pressure_candidate,native,1,2026-09-20T04:17:50.269286+00:00,0.1897392519749701,200,True
verify-memory_pressure-candidate-rep3-20260920T041304Z,memory_pressure_candidate,native,1,2026-09-20T04:17:51.270076+00:00,0.2799327909015119,200,True
verify-memory_pressure-candidate-rep3-20260920T041304Z,memory_pressure_candidate,native,1,2026-09-20T04:17:52.271405+00:00,0.27003746293485165,200,True
verify-memory_pressure-candidate-rep3-20260920T041304Z,memory_pressure_candidate,native,1,2026-09-20T04:17:53.270153+00:00,0.17971946205943823,200,True
verify-memory_pressure-candidate-rep3-20260920T041304Z,memory_pressure_candidate,native,1,2026-09-20T04:17:54.269230+00:00,0.2813515239395201,200,True
verify-memory_pressure-candidate-rep3-20260920T041304Z,memory_pressure_candidate,native,1,2026-09-20T04:17:55.278738+00:00,0.2505358138587326,200,True
verify-memory_pressure-candidate-rep3-20260920T041304Z,memory_pressure_candidate,native,1,2026-09-20T04:17:56.269921+00:00,0.25313685508444905,200,True
verify-memory_pressure-candidate-rep3-20260920T041304Z,memory_pressure_candidate,native,1,2026-09-20T04:17:57.269963+00:00,0.28436839394271374,200,True
verify-memory_pressure-candidate-rep3-20260920T041304Z,memory_pressure_candidate,native,1,2026-09-20T04:17:58.269401+00:00,0.27701231092214584,200,True
verify-memory_pressure-candidate-rep3-20260920T041304Z,memory_pressure_candidate,native,1,2026-09-20T04:17:59.272411+00:00,0.26514674397185445,200,True
verify-memory_pressure-candidate-rep3-20260920T041304Z,memory_pressure_candidate,native,1,2026-09-20T04:18:00.270736+00:00,0.2628957689739764,200,True
verify-memory_pressure-candidate-rep3-20260920T041304Z,memory_pressure_candidate,native,1,2026-09-20T04:18:01.269616+00:00,0.1839936301112175,200,True
verify-memory_pressure-candidate-rep3-20260920T041304Z,memory_pressure_candidate,native,1,2026-09-20T04:18:02.273811+00:00,0.26768592605367303,200,True
verify-memory_pressure-candidate-rep3-20260920T041304Z,memory_pressure_candidate,native,1,2026-09-20T04:18:03.269903+00:00,0.2624657249543816,200,True
verify-memory_pressure-candidate-rep3-20260920T041304Z,memory_pressure_candidate,native,1,2026-09-20T04:18:04.274760+00:00,0.185340431984514,200,True
verify-memory_pressure-candidate-rep3-20260920T041304Z,memory_pressure_candidate,native,1,2026-09-20T04:18:05.270124+00:00,0.2625710880383849,200,True
verify-memory_pressure-candidate-rep3-20260920T041304Z,memory_pressure_candidate,native,1,2026-09-20T04:18:06.270096+00:00,0.18363610305823386,200,True
verify-memory_pressure-candidate-rep3-20260920T041304Z,memory_pressure_candidate,native,1,2026-09-20T04:18:07.270506+00:00,0.2933893669396639,200,True
verify-memory_pressure-candidate-rep3-20260920T041304Z,memory_pressure_candidate,native,1,2026-09-20T04:18:08.269983+00:00,0.18861250905320048,200,True
verify-memory_pressure-candidate-rep3-20260920T041304Z,memory_pressure_candidate,native,1,2026-09-20T04:18:09.272260+00:00,0.28057465702295303,200,True
verify-memory_pressure-candidate-rep3-20260920T041304Z,memory_pressure_candidate,native,1,2026-09-20T04:18:10.273718+00:00,0.2709582708775997,200,True
verify-memory_pressure-candidate-rep3-20260920T041304Z,memory_pressure_candidate,native,1,2026-09-20T04:18:11.270232+00:00,0.2946151641663164,200,True
verify-memory_pressure-candidate-rep3-20260920T041304Z,memory_pressure_candidate,native,1,2026-09-20T04:18:12.269975+00:00,0.27702489495277405,200,True
verify-memory_pressure-candidate-rep3-20260920T041304Z,memory_pressure_candidate,native,1,2026-09-20T04:18:13.270208+00:00,0.25389758101664484,200,True
verify-memory_pressure-candidate-rep3-20260920T041304Z,memory_pressure_candidate,native,1,2026-09-20T04:18:14.278342+00:00,0.3473439710214734,200,True
verify-memory_pressure-candidate-rep3-20260920T041304Z,memory_pressure_candidate,native,1,2026-09-20T04:18:15.275109+00:00,0.25200607581064105,200,True
verify-memory_pressure-candidate-rep3-20260920T041304Z,memory_pressure_candidate,native,1,2026-09-20T04:18:16.269881+00:00,0.2775372148025781,200,True
verify-memory_pressure-candidate-rep3-20260920T041304Z,memory_pressure_candidate,native,1,2026-09-20T04:18:17.269750+00:00,0.20008224109187722,200,True
verify-memory_pressure-candidate-rep3-20260920T041304Z,memory_pressure_candidate,native,1,2026-09-20T04:18:18.269423+00:00,0.25971630588173866,200,True
verify-memory_pressure-candidate-rep3-20260920T041304Z,memory_pressure_candidate,native,1,2026-09-20T04:18:19.273727+00:00,0.26575280213728547,200,True
verify-memory_pressure-candidate-rep3-20260920T041304Z,memory_pressure_candidate,native,1,2026-09-20T04:18:20.269325+00:00,0.1887814379297197,200,True
verify-memory_pressure-candidate-rep3-20260920T041304Z,memory_pressure_candidate,native,1,2026-09-20T04:18:21.270673+00:00,0.18323577800765634,200,True
verify-memory_pressure-candidate-rep3-20260920T041304Z,memory_pressure_candidate,native,1,2026-09-20T04:18:22.269373+00:00,0.17016949295066297,200,True
verify-memory_pressure-candidate-rep3-20260920T041304Z,memory_pressure_candidate,native,1,2026-09-20T04:18:23.270096+00:00,0.17982145701535046,200,True
verify-memory_pressure-candidate-rep3-20260920T041304Z,memory_pressure_candidate,native,1,2026-09-20T04:18:24.270356+00:00,0.2787910320330411,200,True
verify-memory_pressure-candidate-rep3-20260920T041304Z,memory_pressure_candidate,native,1,2026-09-20T04:18:25.269418+00:00,0.2554991429205984,200,True
verify-memory_pressure-candidate-rep3-20260920T041304Z,memory_pressure_candidate,native,1,2026-09-20T04:18:26.269820+00:00,0.27849315688945353,200,True
verify-memory_pressure-candidate-rep3-20260920T041304Z,memory_pressure_candidate,native,1,2026-09-20T04:18:27.272282+00:00,0.251920151989907,200,True
verify-memory_pressure-candidate-rep3-20260920T041304Z,memory_pressure_candidate,native,1,2026-09-20T04:18:28.270123+00:00,0.2640661261975765,200,True
verify-memory_pressure-candidate-rep3-20260920T041304Z,memory_pressure_candidate,native,1,2026-09-20T04:18:29.269746+00:00,0.19271336193196476,200,True
verify-memory_pressure-candidate-rep3-20260920T041304Z,memory_pressure_candidate,native,1,2026-09-20T04:18:30.270145+00:00,0.2542060809209943,200,True
verify-memory_pressure-candidate-rep3-20260920T041304Z,memory_pressure_candidate,native,1,2026-09-20T04:18:31.270212+00:00,0.1986513149458915,200,True
verify-memory_pressure-candidate-rep3-20260920T041304Z,memory_pressure_candidate,native,1,2026-09-20T04:18:32.269497+00:00,0.17064814711920917,200,True
verify-memory_pressure-candidate-rep3-20260920T041304Z,memory_pressure_candidate,native,1,2026-09-20T04:18:33.269277+00:00,0.2665773378685117,200,True
verify-memory_pressure-candidate-rep3-20260920T041304Z,memory_pressure_candidate,native,1,2026-09-20T04:18:34.269177+00:00,0.2662262029480189,200,True
verify-memory_pressure-candidate-rep3-20260920T041304Z,memory_pressure_candidate,native,1,2026-09-20T04:18:35.269306+00:00,0.2782117670867592,200,True
verify-memory_pressure-candidate-rep3-20260920T041304Z,memory_pressure_candidate,native,1,2026-09-20T04:18:36.270659+00:00,0.1898364550434053,200,True
verify-memory_pressure-candidate-rep3-20260920T041304Z,memory_pressure_candidate,native,1,2026-09-20T04:18:37.269960+00:00,0.17800456006079912,200,True
verify-memory_pressure-candidate-rep3-20260920T041304Z,memory_pressure_candidate,native,1,2026-09-20T04:18:38.270585+00:00,0.17706662486307323,200,True
verify-memory_pressure-candidate-rep3-20260920T041304Z,memory_pressure_candidate,native,1,2026-09-20T04:18:39.269767+00:00,0.18684468395076692,200,True
verify-memory_pressure-candidate-rep3-20260920T041304Z,memory_pressure_candidate,native,1,2026-09-20T04:18:40.269818+00:00,0.16460396093316376,200,True
verify-memory_pressure-candidate-rep3-20260920T041304Z,memory_pressure_candidate,native,1,2026-09-20T04:18:41.270441+00:00,0.30175372608937323,200,True
verify-memory_pressure-candidate-rep3-20260920T041304Z,memory_pressure_candidate,native,1,2026-09-20T04:18:42.269210+00:00,0.2742729608435184,200,True
verify-memory_pressure-candidate-rep3-20260920T041304Z,memory_pressure_candidate,native,1,2026-09-20T04:18:43.269494+00:00,0.19149599387310445,200,True
verify-memory_pressure-candidate-rep3-20260920T041304Z,memory_pressure_candidate,native,1,2026-09-20T04:18:44.269293+00:00,0.27858140179887414,200,True
verify-memory_pressure-candidate-rep3-20260920T041304Z,memory_pressure_candidate,native,1,2026-09-20T04:18:45.275267+00:00,0.24919694219715893,200,True
verify-memory_pressure-candidate-rep3-20260920T041304Z,memory_pressure_candidate,native,1,2026-09-20T04:18:46.269415+00:00,0.2571082541253418,200,True
verify-memory_pressure-candidate-rep3-20260920T041304Z,memory_pressure_candidate,native,1,2026-09-20T04:18:47.269102+00:00,0.2767887890804559,200,True
verify-memory_pressure-candidate-rep3-20260920T041304Z,memory_pressure_candidate,native,1,2026-09-20T04:18:48.270071+00:00,0.2626415169797838,200,True
verify-memory_pressure-candidate-rep3-20260920T041304Z,memory_pressure_candidate,native,1,2026-09-20T04:18:49.269467+00:00,0.17568709491752088,200,True
verify-memory_pressure-candidate-rep3-20260920T041304Z,memory_pressure_candidate,native,1,2026-09-20T04:18:50.269631+00:00,0.18668736703693867,200,True
verify-memory_pressure-candidate-rep3-20260920T041304Z,memory_pressure_candidate,native,1,2026-09-20T04:18:51.269998+00:00,0.1584681428503245,200,True
verify-memory_pressure-candidate-rep3-20260920T041304Z,memory_pressure_candidate,native,1,2026-09-20T04:18:52.269800+00:00,0.2503019869327545,200,True
verify-memory_pressure-candidate-rep3-20260920T041304Z,memory_pressure_candidate,native,1,2026-09-20T04:18:53.272960+00:00,0.25949176913127303,200,True
verify-memory_pressure-candidate-rep3-20260920T041304Z,memory_pressure_candidate,native,1,2026-09-20T04:18:54.270402+00:00,0.2587105189450085,200,True
verify-memory_pressure-candidate-rep3-20260920T041304Z,memory_pressure_candidate,native,1,2026-09-20T04:18:55.274793+00:00,0.35273983096703887,200,True
verify-memory_pressure-candidate-rep3-20260920T041304Z,memory_pressure_candidate,native,1,2026-09-20T04:18:56.269356+00:00,0.19343176414258778,200,True
verify-memory_pressure-candidate-rep3-20260920T041304Z,memory_pressure_candidate,native,1,2026-09-20T04:18:57.269470+00:00,0.25851971190422773,200,True
verify-memory_pressure-candidate-rep3-20260920T041304Z,memory_pressure_candidate,native,1,2026-09-20T04:18:58.272383+00:00,0.2516833289992064,200,True
verify-memory_pressure-candidate-rep3-20260920T041304Z,memory_pressure_candidate,native,1,2026-09-20T04:18:59.270331+00:00,0.1755381969269365,200,True
verify-memory_pressure-candidate-rep3-20260920T041304Z,memory_pressure_candidate,native,1,2026-09-20T04:19:00.269962+00:00,0.2936666749883443,200,True
verify-memory_pressure-candidate-rep3-20260920T041304Z,memory_pressure_candidate,native,1,2026-09-20T04:19:01.270176+00:00,0.24928016611374915,200,True
verify-memory_pressure-candidate-rep3-20260920T041304Z,memory_pressure_candidate,native,1,2026-09-20T04:19:02.269353+00:00,0.180448706028983,200,True
verify-memory_pressure-candidate-rep3-20260920T041304Z,memory_pressure_candidate,native,1,2026-09-20T04:19:03.270341+00:00,0.18985856301151216,200,True
verify-memory_pressure-candidate-rep3-20260920T041304Z,memory_pressure_candidate,native,1,2026-09-20T04:19:04.269701+00:00,0.27647266909480095,200,True
verify-memory_pressure-candidate-rep3-20260920T041304Z,memory_pressure_candidate,native,1,2026-09-20T04:19:05.272146+00:00,0.18887816998176277,200,True
verify-memory_pressure-candidate-rep3-20260920T041304Z,memory_pressure_candidate,native,1,2026-09-20T04:19:06.270176+00:00,0.1749496180564165,200,True
verify-memory_pressure-candidate-rep3-20260920T041304Z,memory_pressure_candidate,native,1,2026-09-20T04:19:07.281719+00:00,0.25146371498703957,200,True
verify-memory_pressure-candidate-rep3-20260920T041304Z,memory_pressure_candidate,native,1,2026-09-20T04:19:08.269476+00:00,0.24976178002543747,200,True
verify-memory_pressure-candidate-rep3-20260920T041304Z,memory_pressure_candidate,native,1,2026-09-20T04:19:09.269541+00:00,0.16319194878451526,200,True
verify-memory_pressure-candidate-rep3-20260920T041304Z,memory_pressure_candidate,native,1,2026-09-20T04:19:10.275036+00:00,0.2788036330603063,200,True
verify-memory_pressure-candidate-rep3-20260920T041304Z,memory_pressure_candidate,native,1,2026-09-20T04:19:11.270036+00:00,0.25867569888941944,200,True
verify-memory_pressure-candidate-rep3-20260920T041304Z,memory_pressure_candidate,native,1,2026-09-20T04:19:12.269637+00:00,0.2754306790884584,200,True
verify-memory_pressure-candidate-rep3-20260920T041304Z,memory_pressure_candidate,native,1,2026-09-20T04:19:13.269307+00:00,0.18480195384472609,200,True
verify-memory_pressure-candidate-rep3-20260920T041304Z,memory_pressure_candidate,native,1,2026-09-20T04:19:14.270207+00:00,0.2877457819413394,200,True
verify-memory_pressure-candidate-rep3-20260920T041304Z,memory_pressure_candidate,native,1,2026-09-20T04:19:15.269634+00:00,0.2577822059392929,200,True
verify-memory_pressure-candidate-rep3-20260920T041304Z,memory_pressure_candidate,native,1,2026-09-20T04:19:16.269872+00:00,0.25431009591557086,200,True
verify-memory_pressure-candidate-rep3-20260920T041304Z,memory_pressure_candidate,native,1,2026-09-20T04:19:17.273759+00:00,0.35680673201568425,200,True
verify-memory_pressure-candidate-rep3-20260920T041304Z,memory_pressure_candidate,native,1,2026-09-20T04:19:18.270775+00:00,0.1875221950467676,200,True
verify-memory_pressure-candidate-rep3-20260920T041304Z,memory_pressure_candidate,native,1,2026-09-20T04:19:19.279574+00:00,0.27531063300557435,200,True
verify-memory_pressure-candidate-rep3-20260920T041304Z,memory_pressure_candidate,native,1,2026-09-20T04:19:20.269838+00:00,0.17406908911652863,200,True
verify-memory_pressure-candidate-rep3-20260920T041304Z,memory_pressure_candidate,native,1,2026-09-20T04:19:21.269157+00:00,0.25485921395011246,200,True
verify-memory_pressure-candidate-rep3-20260920T041304Z,memory_pressure_candidate,native,1,2026-09-20T04:19:22.270073+00:00,0.2678145240060985,200,True
verify-memory_pressure-candidate-rep3-20260920T041304Z,memory_pressure_candidate,native,1,2026-09-20T04:19:23.270213+00:00,0.26009215391241014,200,True
verify-memory_pressure-candidate-rep3-20260920T041304Z,memory_pressure_candidate,native,1,2026-09-20T04:19:24.269290+00:00,0.297491158824414,200,True
verify-memory_pressure-candidate-rep3-20260920T041304Z,memory_pressure_candidate,native,1,2026-09-20T04:19:25.269920+00:00,0.27543169213458896,200,True
verify-memory_pressure-candidate-rep3-20260920T041304Z,memory_pressure_candidate,native,1,2026-09-20T04:19:26.276738+00:00,0.1683517259079963,200,True
verify-memory_pressure-candidate-rep3-20260920T041304Z,memory_pressure_candidate,native,1,2026-09-20T04:19:27.270071+00:00,0.17036662809550762,200,True
verify-memory_pressure-candidate-rep3-20260920T041304Z,memory_pressure_candidate,native,1,2026-09-20T04:19:28.271002+00:00,0.29150330810807645,200,True
verify-memory_pressure-candidate-rep3-20260920T041304Z,memory_pressure_candidate,native,1,2026-09-20T04:19:29.269929+00:00,0.3943839918356389,200,True
verify-memory_pressure-candidate-rep3-20260920T041304Z,memory_pressure_candidate,native,1,2026-09-20T04:19:30.270061+00:00,0.19080035598017275,200,True
verify-memory_pressure-candidate-rep3-20260920T041304Z,memory_pressure_candidate,native,1,2026-09-20T04:19:31.272679+00:00,0.2695462959818542,200,True
verify-memory_pressure-candidate-rep3-20260920T041304Z,memory_pressure_candidate,native,1,2026-09-20T04:19:32.271898+00:00,0.27378169796429574,200,True
verify-memory_pressure-candidate-rep3-20260920T041304Z,memory_pressure_candidate,native,1,2026-09-20T04:19:33.270871+00:00,0.25429471605457366,200,True
verify-memory_pressure-candidate-rep3-20260920T041304Z,memory_pressure_candidate,native,1,2026-09-20T04:19:34.270336+00:00,0.29456838709302247,200,True
verify-memory_pressure-candidate-rep3-20260920T041304Z,memory_pressure_candidate,native,1,2026-09-20T04:19:35.269306+00:00,0.27742635388858616,200,True
verify-memory_pressure-candidate-rep3-20260920T041304Z,memory_pressure_candidate,native,1,2026-09-20T04:19:36.269612+00:00,0.18424298195168376,200,True
verify-memory_pressure-candidate-rep3-20260920T041304Z,memory_pressure_candidate,native,1,2026-09-20T04:19:37.269741+00:00,0.25482960091903806,200,True
verify-memory_pressure-candidate-rep3-20260920T041304Z,memory_pressure_candidate,native,1,2026-09-20T04:19:38.277892+00:00,0.24458302301354706,200,True
verify-memory_pressure-candidate-rep3-20260920T041304Z,memory_pressure_candidate,native,1,2026-09-20T04:19:39.269736+00:00,0.2737836609594524,200,True
verify-memory_pressure-candidate-rep3-20260920T041304Z,memory_pressure_candidate,native,1,2026-09-20T04:19:40.269550+00:00,0.26500770007260144,200,True
verify-memory_pressure-candidate-rep3-20260920T041304Z,memory_pressure_candidate,native,1,2026-09-20T04:19:41.269879+00:00,0.1771167740225792,200,True
verify-memory_pressure-candidate-rep3-20260920T041304Z,memory_pressure_candidate,native,1,2026-09-20T04:19:42.277765+00:00,0.2827630259562284,200,True
verify-memory_pressure-candidate-rep3-20260920T041304Z,memory_pressure_candidate,native,1,2026-09-20T04:19:43.269915+00:00,0.25818054703995585,200,True
verify-memory_pressure-candidate-rep3-20260920T041304Z,memory_pressure_candidate,native,1,2026-09-20T04:19:44.269996+00:00,0.2816030641552061,200,True
verify-memory_pressure-candidate-rep3-20260920T041304Z,memory_pressure_candidate,native,1,2026-09-20T04:19:45.269475+00:00,0.19250075099989772,200,True
verify-memory_pressure-candidate-rep3-20260920T041304Z,memory_pressure_candidate,native,1,2026-09-20T04:19:46.269730+00:00,0.18567342404276133,200,True
verify-memory_pressure-candidate-rep3-20260920T041304Z,memory_pressure_candidate,native,1,2026-09-20T04:19:47.270524+00:00,0.2696027010679245,200,True
verify-memory_pressure-candidate-rep3-20260920T041304Z,memory_pressure_candidate,native,1,2026-09-20T04:19:48.269663+00:00,0.18027893197722733,200,True
verify-memory_pressure-candidate-rep3-20260920T041304Z,memory_pressure_candidate,native,1,2026-09-20T04:19:49.269991+00:00,0.3531235989648849,200,True
verify-memory_pressure-candidate-rep3-20260920T041304Z,memory_pressure_candidate,native,1,2026-09-20T04:19:50.269767+00:00,0.17752686492167413,200,True
verify-memory_pressure-candidate-rep3-20260920T041304Z,memory_pressure_candidate,native,1,2026-09-20T04:19:51.269909+00:00,0.26954028103500605,200,True
verify-memory_pressure-candidate-rep3-20260920T041304Z,memory_pressure_candidate,native,1,2026-09-20T04:19:52.274280+00:00,0.2652674689888954,200,True
verify-memory_pressure-candidate-rep3-20260920T041304Z,memory_pressure_candidate,native,1,2026-09-20T04:19:53.269318+00:00,0.19518417003564537,200,True
verify-memory_pressure-candidate-rep3-20260920T041304Z,memory_pressure_candidate,native,1,2026-09-20T04:19:54.272673+00:00,0.37523906002752483,200,True
verify-memory_pressure-candidate-rep3-20260920T041304Z,memory_pressure_candidate,native,1,2026-09-20T04:19:55.269351+00:00,0.29906265903264284,200,True
verify-memory_pressure-candidate-rep3-20260920T041304Z,memory_pressure_candidate,native,1,2026-09-20T04:19:56.270146+00:00,0.2703557501081377,200,True
verify-memory_pressure-candidate-rep3-20260920T041304Z,memory_pressure_candidate,native,1,2026-09-20T04:19:57.269255+00:00,0.18966203392483294,200,True
verify-memory_pressure-candidate-rep3-20260920T041304Z,memory_pressure_candidate,native,1,2026-09-20T04:19:58.269980+00:00,0.2598948278464377,200,True
verify-memory_pressure-candidate-rep3-20260920T041304Z,memory_pressure_candidate,native,1,2026-09-20T04:19:59.271455+00:00,0.2800383251160383,200,True
verify-memory_pressure-candidate-rep3-20260920T041304Z,memory_pressure_candidate,native,1,2026-09-20T04:20:00.270882+00:00,0.1888657519593835,200,True
verify-memory_pressure-candidate-rep3-20260920T041304Z,memory_pressure_candidate,native,1,2026-09-20T04:20:01.273751+00:00,0.25294583197683096,200,True
verify-memory_pressure-candidate-rep3-20260920T041304Z,memory_pressure_candidate,native,1,2026-09-20T04:20:02.270899+00:00,0.2518461300060153,200,True
verify-memory_pressure-candidate-rep3-20260920T041304Z,memory_pressure_candidate,native,1,2026-09-20T04:20:03.271360+00:00,0.17500601103529334,200,True
verify-memory_pressure-candidate-rep3-20260920T041304Z,memory_pressure_candidate,native,1,2026-09-20T04:20:04.270078+00:00,0.29721156787127256,200,True
verify-memory_pressure-candidate-rep3-20260920T041304Z,memory_pressure_candidate,native,1,2026-09-20T04:20:05.269958+00:00,0.29794356296770275,200,True
verify-memory_pressure-candidate-rep3-20260920T041304Z,memory_pressure_candidate,native,1,2026-09-20T04:20:06.269893+00:00,0.19918454089201987,200,True
verify-memory_pressure-candidate-rep3-20260920T041304Z,memory_pressure_candidate,native,1,2026-09-20T04:20:07.271946+00:00,0.17315991106443107,200,True
verify-memory_pressure-candidate-rep3-20260920T041304Z,memory_pressure_candidate,native,1,2026-09-20T04:20:08.269245+00:00,0.25903367600403726,200,True
verify-memory_pressure-candidate-rep3-20260920T041304Z,memory_pressure_candidate,native,1,2026-09-20T04:20:09.277736+00:00,0.24625576194375753,200,True
verify-memory_pressure-candidate-rep3-20260920T041304Z,memory_pressure_candidate,native,1,2026-09-20T04:20:10.269805+00:00,0.16697940393351018,200,True
verify-memory_pressure-candidate-rep3-20260920T041304Z,memory_pressure_candidate,native,1,2026-09-20T04:20:11.269808+00:00,0.2765498370863497,200,True
verify-memory_pressure-candidate-rep3-20260920T041304Z,memory_pressure_candidate,native,1,2026-09-20T04:20:12.269629+00:00,0.16919652000069618,200,True
verify-memory_pressure-candidate-rep3-20260920T041304Z,memory_pressure_candidate,native,1,2026-09-20T04:20:13.269676+00:00,0.27229922893457115,200,True
verify-memory_pressure-candidate-rep3-20260920T041304Z,memory_pressure_candidate,native,1,2026-09-20T04:20:14.269973+00:00,0.25840012496337295,200,True
verify-memory_pressure-candidate-rep3-20260920T041304Z,memory_pressure_candidate,native,1,2026-09-20T04:20:15.269383+00:00,0.2596319271251559,200,True
verify-memory_pressure-candidate-rep3-20260920T041304Z,memory_pressure_candidate,native,1,2026-09-20T04:20:16.269835+00:00,0.27238996396772563,200,True
verify-memory_pressure-candidate-rep3-20260920T041304Z,memory_pressure_candidate,native,1,2026-09-20T04:20:17.270611+00:00,0.19092175597324967,200,True
verify-memory_pressure-candidate-rep3-20260920T041304Z,memory_pressure_candidate,native,1,2026-09-20T04:20:18.269700+00:00,0.17277342709712684,200,True
verify-memory_pressure-candidate-rep3-20260920T041304Z,memory_pressure_candidate,native,1,2026-09-20T04:20:19.269364+00:00,0.2545899429824203,200,True
verify-memory_pressure-candidate-rep3-20260920T041304Z,memory_pressure_candidate,native,1,2026-09-20T04:20:20.269709+00:00,0.17655122699216008,200,True
verify-memory_pressure-candidate-rep3-20260920T041304Z,memory_pressure_candidate,native,1,2026-09-20T04:20:21.269791+00:00,0.275931190000847,200,True
verify-memory_pressure-candidate-rep3-20260920T041304Z,memory_pressure_candidate,native,1,2026-09-20T04:20:22.269231+00:00,0.18413993692956865,200,True
verify-memory_pressure-candidate-rep3-20260920T041304Z,memory_pressure_candidate,native,1,2026-09-20T04:20:23.270200+00:00,0.25801385496743023,200,True
verify-memory_pressure-candidate-rep3-20260920T041304Z,memory_pressure_candidate,native,1,2026-09-20T04:20:24.271289+00:00,0.19068509410135448,200,True
verify-memory_pressure-candidate-rep3-20260920T041304Z,memory_pressure_candidate,native,1,2026-09-20T04:20:25.270759+00:00,0.2648715858813375,200,True
verify-memory_pressure-candidate-rep3-20260920T041304Z,memory_pressure_candidate,native,1,2026-09-20T04:20:26.270520+00:00,0.28134650900028646,200,True
verify-memory_pressure-candidate-rep3-20260920T041304Z,memory_pressure_candidate,native,1,2026-09-20T04:20:27.269223+00:00,0.24920957908034325,200,True
verify-memory_pressure-candidate-rep3-20260920T041304Z,memory_pressure_candidate,native,1,2026-09-20T04:20:28.269645+00:00,0.25756633188575506,200,True
verify-memory_pressure-candidate-rep3-20260920T041304Z,memory_pressure_candidate,native,1,2026-09-20T04:20:29.269376+00:00,0.2604437710251659,200,True
verify-memory_pressure-candidate-rep3-20260920T041304Z,memory_pressure_candidate,native,1,2026-09-20T04:20:30.269747+00:00,0.19086943101137877,200,True
verify-memory_pressure-candidate-rep3-20260920T041304Z,memory_pressure_candidate,native,1,2026-09-20T04:20:31.272269+00:00,0.2645348038058728,200,True
verify-memory_pressure-candidate-rep3-20260920T041304Z,memory_pressure_candidate,native,1,2026-09-20T04:20:32.271374+00:00,0.18666137289255857,200,True
verify-memory_pressure-candidate-rep3-20260920T041304Z,memory_pressure_candidate,native,1,2026-09-20T04:20:33.269417+00:00,0.2715731600765139,200,True
verify-memory_pressure-candidate-rep3-20260920T041304Z,memory_pressure_candidate,native,1,2026-09-20T04:20:34.271803+00:00,0.17155342805199325,200,True
verify-memory_pressure-candidate-rep3-20260920T041304Z,memory_pressure_candidate,native,1,2026-09-20T04:20:35.269384+00:00,0.2546650180593133,200,True
verify-memory_pressure-candidate-rep3-20260920T041304Z,memory_pressure_candidate,native,1,2026-09-20T04:20:36.269373+00:00,0.2544715639669448,200,True
verify-memory_pressure-candidate-rep3-20260920T041304Z,memory_pressure_candidate,native,1,2026-09-20T04:20:37.273221+00:00,0.26725902291946113,200,True
verify-memory_pressure-candidate-rep3-20260920T041304Z,memory_pressure_candidate,native,1,2026-09-20T04:20:38.269244+00:00,0.26570764114148915,200,True
verify-memory_pressure-candidate-rep3-20260920T041304Z,memory_pressure_candidate,native,1,2026-09-20T04:20:39.269452+00:00,0.2646159071009606,200,True
verify-memory_pressure-candidate-rep3-20260920T041304Z,memory_pressure_candidate,native,1,2026-09-20T04:20:40.270126+00:00,0.1663424118887633,200,True
verify-memory_pressure-candidate-rep3-20260920T041304Z,memory_pressure_candidate,native,1,2026-09-20T04:20:41.269376+00:00,0.282791567966342,200,True
verify-memory_pressure-candidate-rep3-20260920T041304Z,memory_pressure_candidate,native,1,2026-09-20T04:20:42.269473+00:00,0.28387481113895774,200,True
verify-memory_pressure-candidate-rep3-20260920T041304Z,memory_pressure_candidate,native,1,2026-09-20T04:20:43.269549+00:00,0.2806140398606658,200,True
verify-memory_pressure-candidate-rep3-20260920T041304Z,memory_pressure_candidate,native,1,2026-09-20T04:20:44.269953+00:00,0.2946973431389779,200,True
verify-memory_pressure-candidate-rep3-20260920T041304Z,memory_pressure_candidate,native,1,2026-09-20T04:20:45.269314+00:00,0.1896919219288975,200,True
verify-memory_pressure-candidate-rep3-20260920T041304Z,memory_pressure_candidate,native,1,2026-09-20T04:20:46.272754+00:00,0.2512541802134365,200,True
verify-memory_pressure-candidate-rep3-20260920T041304Z,memory_pressure_candidate,native,1,2026-09-20T04:20:47.269274+00:00,0.283423783024773,200,True
verify-memory_pressure-candidate-rep3-20260920T041304Z,memory_pressure_candidate,native,1,2026-09-20T04:20:48.269794+00:00,0.2660114790778607,200,True
verify-memory_pressure-candidate-rep3-20260920T041304Z,memory_pressure_candidate,native,1,2026-09-20T04:20:49.272314+00:00,0.2575209189672023,200,True
verify-memory_pressure-candidate-rep3-20260920T041304Z,memory_pressure_candidate,native,1,2026-09-20T04:20:50.269639+00:00,0.28244969598017633,200,True
verify-memory_pressure-candidate-rep3-20260920T041304Z,memory_pressure_candidate,native,1,2026-09-20T04:20:51.270021+00:00,0.2514482659753412,200,True
verify-memory_pressure-candidate-rep3-20260920T041304Z,memory_pressure_candidate,native,1,2026-09-20T04:20:52.270103+00:00,0.17718523414805532,200,True
verify-memory_pressure-candidate-rep3-20260920T041304Z,memory_pressure_candidate,native,1,2026-09-20T04:20:53.270030+00:00,0.2690952140837908,200,True
verify-memory_pressure-candidate-rep3-20260920T041304Z,memory_pressure_candidate,native,1,2026-09-20T04:20:54.270101+00:00,0.19228770188055933,200,True
verify-memory_pressure-candidate-rep3-20260920T041304Z,memory_pressure_candidate,native,1,2026-09-20T04:20:55.269737+00:00,0.1835075761191547,200,True
verify-memory_pressure-candidate-rep3-20260920T041304Z,memory_pressure_candidate,native,1,2026-09-20T04:20:56.269705+00:00,0.26465948787517846,200,True
verify-memory_pressure-candidate-rep3-20260920T041304Z,memory_pressure_candidate,native,1,2026-09-20T04:20:57.270954+00:00,0.2535373419523239,200,True
verify-memory_pressure-candidate-rep3-20260920T041304Z,memory_pressure_candidate,native,1,2026-09-20T04:20:58.270013+00:00,0.2700756611302495,200,True
verify-memory_pressure-candidate-rep3-20260920T041304Z,memory_pressure_candidate,native,1,2026-09-20T04:20:59.271292+00:00,0.18414014112204313,200,True
verify-memory_pressure-candidate-rep3-20260920T041304Z,memory_pressure_candidate,native,1,2026-09-20T04:21:00.269616+00:00,0.2652743738144636,200,True
verify-memory_pressure-candidate-rep3-20260920T041304Z,memory_pressure_candidate,native,1,2026-09-20T04:21:01.269838+00:00,0.2707348798867315,200,True
verify-memory_pressure-candidate-rep3-20260920T041304Z,memory_pressure_candidate,native,1,2026-09-20T04:21:02.270130+00:00,0.17442569811828434,200,True
verify-memory_pressure-candidate-rep3-20260920T041304Z,memory_pressure_candidate,native,1,2026-09-20T04:21:03.272077+00:00,0.28015814116224647,200,True
verify-memory_pressure-candidate-rep3-20260920T041304Z,memory_pressure_candidate,native,1,2026-09-20T04:21:04.270034+00:00,0.2548454748466611,200,True
verify-memory_pressure-candidate-rep3-20260920T041304Z,memory_pressure_candidate,native,1,2026-09-20T04:21:05.270943+00:00,0.3567200929392129,200,True
verify-memory_pressure-candidate-rep3-20260920T041304Z,memory_pressure_candidate,native,1,2026-09-20T04:21:06.269734+00:00,0.17140040383674204,200,True
verify-memory_pressure-candidate-rep3-20260920T041304Z,memory_pressure_candidate,native,1,2026-09-20T04:21:07.269381+00:00,0.25493888300843537,200,True
verify-memory_pressure-candidate-rep3-20260920T041304Z,memory_pressure_candidate,native,1,2026-09-20T04:21:08.270147+00:00,0.18293712614104152,200,True
verify-memory_pressure-candidate-rep3-20260920T041304Z,memory_pressure_candidate,native,1,2026-09-20T04:21:09.269721+00:00,0.19308764301240444,200,True
verify-memory_pressure-candidate-rep3-20260920T041304Z,memory_pressure_candidate,native,1,2026-09-20T04:21:10.269876+00:00,0.28649895591661334,200,True
verify-memory_pressure-candidate-rep3-20260920T041304Z,memory_pressure_candidate,native,1,2026-09-20T04:21:11.270083+00:00,0.2703512429725379,200,True
verify-memory_pressure-candidate-rep3-20260920T041304Z,memory_pressure_candidate,native,1,2026-09-20T04:21:12.270281+00:00,0.18506706086918712,200,True
verify-memory_pressure-candidate-rep3-20260920T041304Z,memory_pressure_candidate,native,1,2026-09-20T04:21:13.271234+00:00,0.18459914694540203,200,True
verify-memory_pressure-candidate-rep3-20260920T041304Z,memory_pressure_candidate,native,1,2026-09-20T04:21:14.275415+00:00,0.25182363600470126,200,True
verify-memory_pressure-candidate-rep3-20260920T041304Z,memory_pressure_candidate,native,1,2026-09-20T04:21:15.269675+00:00,0.2650408651679754,200,True
verify-memory_pressure-candidate-rep3-20260920T041304Z,memory_pressure_candidate,native,1,2026-09-20T04:21:16.270278+00:00,0.1798481869045645,200,True
verify-memory_pressure-candidate-rep3-20260920T041304Z,memory_pressure_candidate,native,1,2026-09-20T04:21:17.269288+00:00,0.27457150304690003,200,True
verify-memory_pressure-candidate-rep3-20260920T041304Z,memory_pressure_candidate,native,1,2026-09-20T04:21:18.269279+00:00,0.18534208298660815,200,True
verify-memory_pressure-candidate-rep3-20260920T041304Z,memory_pressure_candidate,native,1,2026-09-20T04:21:19.269674+00:00,0.2557336420286447,200,True
verify-memory_pressure-candidate-rep3-20260920T041304Z,memory_pressure_candidate,native,1,2026-09-20T04:21:20.270358+00:00,0.2845993470400572,200,True
verify-memory_pressure-candidate-rep3-20260920T041304Z,memory_pressure_candidate,native,1,2026-09-20T04:21:21.269838+00:00,0.1908599769230932,200,True
verify-memory_pressure-candidate-rep3-20260920T041304Z,memory_pressure_candidate,native,1,2026-09-20T04:21:22.269821+00:00,0.24998838710598648,200,True
verify-memory_pressure-candidate-rep3-20260920T041304Z,memory_pressure_candidate,native,1,2026-09-20T04:21:23.270061+00:00,0.1748242701869458,200,True
verify-memory_pressure-candidate-rep3-20260920T041304Z,memory_pressure_candidate,native,1,2026-09-20T04:21:24.269895+00:00,0.18726356117986143,200,True
verify-memory_pressure-candidate-rep3-20260920T041304Z,memory_pressure_candidate,native,1,2026-09-20T04:21:25.269907+00:00,0.2616714690811932,200,True
verify-memory_pressure-candidate-rep3-20260920T041304Z,memory_pressure_candidate,native,1,2026-09-20T04:21:26.269751+00:00,0.18628347595222294,200,True
verify-memory_pressure-candidate-rep3-20260920T041304Z,memory_pressure_candidate,native,1,2026-09-20T04:21:27.270108+00:00,0.27546903607435524,200,True
verify-memory_pressure-candidate-rep3-20260920T041304Z,memory_pressure_candidate,native,1,2026-09-20T04:21:28.269635+00:00,0.29230644297786057,200,True
verify-memory_pressure-candidate-rep3-20260920T041304Z,memory_pressure_candidate,native,1,2026-09-20T04:21:29.270025+00:00,0.24830457102507353,200,True
verify-memory_pressure-candidate-rep3-20260920T041304Z,memory_pressure_candidate,native,1,2026-09-20T04:21:30.269634+00:00,0.28028702992014587,200,True
verify-memory_pressure-candidate-rep3-20260920T041304Z,memory_pressure_candidate,native,1,2026-09-20T04:21:31.270678+00:00,0.2767676350194961,200,True
verify-memory_pressure-candidate-rep3-20260920T041304Z,memory_pressure_candidate,native,1,2026-09-20T04:21:32.270178+00:00,0.2060925979167223,200,True
verify-memory_pressure-candidate-rep3-20260920T041304Z,memory_pressure_candidate,native,1,2026-09-20T04:21:33.270039+00:00,0.25842778594233096,200,True
verify-memory_pressure-candidate-rep3-20260920T041304Z,memory_pressure_candidate,native,1,2026-09-20T04:21:34.269834+00:00,0.28604706982150674,200,True
verify-memory_pressure-candidate-rep3-20260920T041304Z,memory_pressure_candidate,native,1,2026-09-20T04:21:35.270116+00:00,0.269687294960022,200,True
verify-memory_pressure-candidate-rep3-20260920T041304Z,memory_pressure_candidate,native,1,2026-09-20T04:21:36.269314+00:00,0.17856298410333693,200,True
verify-memory_pressure-candidate-rep3-20260920T041304Z,memory_pressure_candidate,native,1,2026-09-20T04:21:37.284303+00:00,0.2469462282024324,200,True
verify-memory_pressure-candidate-rep3-20260920T041304Z,memory_pressure_candidate,native,1,2026-09-20T04:21:38.272815+00:00,0.2736288111191243,200,True
verify-memory_pressure-candidate-rep3-20260920T041304Z,memory_pressure_candidate,native,1,2026-09-20T04:21:39.269826+00:00,0.18788058403879404,200,True
verify-memory_pressure-candidate-rep3-20260920T041304Z,memory_pressure_candidate,native,1,2026-09-20T04:21:40.270103+00:00,0.26365726394578815,200,True
verify-memory_pressure-candidate-rep3-20260920T041304Z,memory_pressure_candidate,native,1,2026-09-20T04:21:41.270032+00:00,0.17406525602564216,200,True
verify-memory_pressure-candidate-rep3-20260920T041304Z,memory_pressure_candidate,native,1,2026-09-20T04:21:42.273383+00:00,0.355207258136943,200,True
verify-memory_pressure-candidate-rep3-20260920T041304Z,memory_pressure_candidate,native,1,2026-09-20T04:21:43.273778+00:00,0.1868844290729612,200,True
verify-memory_pressure-candidate-rep3-20260920T041304Z,memory_pressure_candidate,native,1,2026-09-20T04:21:44.269691+00:00,0.25755254295654595,200,True
verify-memory_pressure-candidate-rep3-20260920T041304Z,memory_pressure_candidate,native,1,2026-09-20T04:21:45.269734+00:00,0.2587503851391375,200,True
verify-memory_pressure-candidate-rep3-20260920T041304Z,memory_pressure_candidate,native,1,2026-09-20T04:21:46.269944+00:00,0.25423441594466567,200,True
verify-memory_pressure-candidate-rep3-20260920T041304Z,memory_pressure_candidate,native,1,2026-09-20T04:21:47.270302+00:00,0.2636115530040115,200,True
verify-memory_pressure-candidate-rep3-20260920T041304Z,memory_pressure_candidate,native,1,2026-09-20T04:21:48.269223+00:00,0.16942439205013216,200,True
verify-memory_pressure-candidate-rep3-20260920T041304Z,memory_pressure_candidate,native,1,2026-09-20T04:21:49.269762+00:00,0.2623060259502381,200,True
verify-memory_pressure-candidate-rep3-20260920T041304Z,memory_pressure_candidate,native,1,2026-09-20T04:21:50.270104+00:00,0.25412145303562284,200,True
verify-memory_pressure-candidate-rep3-20260920T041304Z,memory_pressure_candidate,native,1,2026-09-20T04:21:51.270048+00:00,0.27199069294147193,200,True
verify-memory_pressure-candidate-rep3-20260920T041304Z,memory_pressure_candidate,native,1,2026-09-20T04:21:52.269396+00:00,0.27948661404661834,200,True
verify-memory_pressure-candidate-rep3-20260920T041304Z,memory_pressure_candidate,native,1,2026-09-20T04:21:53.270656+00:00,0.25100778695195913,200,True
verify-memory_pressure-candidate-rep3-20260920T041304Z,memory_pressure_candidate,native,1,2026-09-20T04:21:54.273429+00:00,0.24985540192574263,200,True
verify-memory_pressure-candidate-rep3-20260920T041304Z,memory_pressure_candidate,native,1,2026-09-20T04:21:55.270094+00:00,0.2556993050966412,200,True
verify-memory_pressure-candidate-rep3-20260920T041304Z,memory_pressure_candidate,native,1,2026-09-20T04:21:56.270089+00:00,0.18330732197500765,200,True
verify-memory_pressure-candidate-rep3-20260920T041304Z,memory_pressure_candidate,native,1,2026-09-20T04:21:57.269796+00:00,0.2581398831680417,200,True
verify-memory_pressure-candidate-rep3-20260920T041304Z,memory_pressure_candidate,native,1,2026-09-20T04:21:58.270113+00:00,0.18526166398078203,200,True
verify-memory_pressure-candidate-rep3-20260920T041304Z,memory_pressure_candidate,native,1,2026-09-20T04:21:59.287733+00:00,0.2529257519636303,200,True
verify-memory_pressure-candidate-rep3-20260920T041304Z,memory_pressure_candidate,native,1,2026-09-20T04:22:00.269441+00:00,0.2646441760007292,200,True
verify-memory_pressure-candidate-rep3-20260920T041304Z,memory_pressure_candidate,native,1,2026-09-20T04:22:01.271551+00:00,0.25663368590176105,200,True
verify-memory_pressure-candidate-rep3-20260920T041304Z,memory_pressure_candidate,native,1,2026-09-20T04:22:02.269587+00:00,0.2733814010862261,200,True
verify-memory_pressure-candidate-rep3-20260920T041304Z,memory_pressure_candidate,native,1,2026-09-20T04:22:03.270166+00:00,0.27564713708125055,200,True
verify-memory_pressure-candidate-rep3-20260920T041304Z,memory_pressure_candidate,native,1,2026-09-20T04:22:04.269633+00:00,0.2571293299552053,200,True
verify-memory_pressure-candidate-rep3-20260920T041304Z,memory_pressure_candidate,native,1,2026-09-20T04:22:05.269279+00:00,0.19185534701682627,200,True
verify-memory_pressure-candidate-rep3-20260920T041304Z,memory_pressure_candidate,native,1,2026-09-20T04:22:06.269827+00:00,0.18361710500903428,200,True
verify-memory_pressure-candidate-rep3-20260920T041304Z,memory_pressure_candidate,native,1,2026-09-20T04:22:07.269787+00:00,0.19951470219530165,200,True
verify-memory_pressure-candidate-rep3-20260920T041304Z,memory_pressure_candidate,native,1,2026-09-20T04:22:08.270026+00:00,0.3017971410881728,200,True
verify-memory_pressure-candidate-rep3-20260920T041304Z,memory_pressure_candidate,native,1,2026-09-20T04:22:09.270939+00:00,0.2582788048312068,200,True
verify-memory_pressure-candidate-rep3-20260920T041304Z,memory_pressure_candidate,native,1,2026-09-20T04:22:10.269352+00:00,0.2699238848872483,200,True
verify-memory_pressure-candidate-rep3-20260920T041304Z,memory_pressure_candidate,native,1,2026-09-20T04:22:11.270858+00:00,0.18687679897993803,200,True
verify-memory_pressure-candidate-rep3-20260920T041304Z,memory_pressure_candidate,native,1,2026-09-20T04:22:12.274250+00:00,0.2626116699539125,200,True
verify-memory_pressure-candidate-rep3-20260920T041304Z,memory_pressure_candidate,native,1,2026-09-20T04:22:13.269080+00:00,0.27349921804852784,200,True
verify-memory_pressure-candidate-rep3-20260920T041304Z,memory_pressure_candidate,native,1,2026-09-20T04:22:14.271921+00:00,0.2565701180137694,200,True
verify-memory_pressure-candidate-rep3-20260920T041304Z,memory_pressure_candidate,native,1,2026-09-20T04:22:15.269410+00:00,0.2781464699655771,200,True
verify-memory_pressure-candidate-rep3-20260920T041304Z,memory_pressure_candidate,native,1,2026-09-20T04:22:16.269682+00:00,0.25922404788434505,200,True
verify-memory_pressure-candidate-rep3-20260920T041304Z,memory_pressure_candidate,native,1,2026-09-20T04:22:17.270008+00:00,0.2947584120556712,200,True
verify-memory_pressure-candidate-rep3-20260920T041304Z,memory_pressure_candidate,native,1,2026-09-20T04:22:18.275681+00:00,0.2537122711073607,200,True
verify-memory_pressure-candidate-rep3-20260920T041304Z,memory_pressure_candidate,native,1,2026-09-20T04:22:19.271800+00:00,0.1688650269061327,200,True
verify-memory_pressure-candidate-rep3-20260920T041304Z,memory_pressure_candidate,native,1,2026-09-20T04:22:20.269327+00:00,0.2725076258648187,200,True
verify-memory_pressure-candidate-rep3-20260920T041304Z,memory_pressure_candidate,native,1,2026-09-20T04:22:21.269862+00:00,0.17343191406689584,200,True
verify-memory_pressure-candidate-rep3-20260920T041304Z,memory_pressure_candidate,native,1,2026-09-20T04:22:22.269711+00:00,0.2641361318528652,200,True
verify-memory_pressure-candidate-rep3-20260920T041304Z,memory_pressure_candidate,native,1,2026-09-20T04:22:23.270009+00:00,0.17582018300890923,200,True
verify-memory_pressure-candidate-rep3-20260920T041304Z,memory_pressure_candidate,native,1,2026-09-20T04:22:24.269630+00:00,0.19311964116059244,200,True
verify-memory_pressure-candidate-rep3-20260920T041304Z,memory_pressure_candidate,native,1,2026-09-20T04:22:25.269641+00:00,0.2736912651453167,200,True
verify-memory_pressure-candidate-rep3-20260920T041304Z,memory_pressure_candidate,native,1,2026-09-20T04:22:26.269648+00:00,0.27425634604878724,200,True
verify-memory_pressure-candidate-rep3-20260920T041304Z,memory_pressure_candidate,native,1,2026-09-20T04:22:27.269875+00:00,0.28449984709732234,200,True
verify-memory_pressure-candidate-rep3-20260920T041304Z,memory_pressure_candidate,native,1,2026-09-20T04:22:28.270199+00:00,0.28003202518448234,200,True
verify-memory_pressure-candidate-rep3-20260920T041304Z,memory_pressure_candidate,native,1,2026-09-20T04:22:29.269393+00:00,0.28184534306637943,200,True
verify-memory_pressure-candidate-rep3-20260920T041304Z,memory_pressure_candidate,native,1,2026-09-20T04:22:30.270087+00:00,0.2706528250128031,200,True
verify-memory_pressure-candidate-rep3-20260920T041304Z,memory_pressure_candidate,native,1,2026-09-20T04:22:31.269836+00:00,0.18450634111650288,200,True
verify-memory_pressure-candidate-rep3-20260920T041304Z,memory_pressure_candidate,native,1,2026-09-20T04:22:32.279930+00:00,0.28798232786357403,200,True
verify-memory_pressure-candidate-rep3-20260920T041304Z,memory_pressure_candidate,native,1,2026-09-20T04:22:33.272082+00:00,0.19150079879909754,200,True
verify-memory_pressure-candidate-rep3-20260920T041304Z,memory_pressure_candidate,native,1,2026-09-20T04:22:34.270174+00:00,0.17684768605977297,200,True
verify-memory_pressure-candidate-rep3-20260920T041304Z,memory_pressure_candidate,native,1,2026-09-20T04:22:35.272187+00:00,0.18323909281753004,200,True
verify-memory_pressure-candidate-rep3-20260920T041304Z,memory_pressure_candidate,native,1,2026-09-20T04:22:36.269688+00:00,0.17605765000917017,200,True
verify-memory_pressure-candidate-rep3-20260920T041304Z,memory_pressure_candidate,native,1,2026-09-20T04:22:37.270114+00:00,0.36423948989249766,200,True
verify-memory_pressure-candidate-rep3-20260920T041304Z,memory_pressure_candidate,native,1,2026-09-20T04:22:38.269702+00:00,0.17930338601581752,200,True
verify-memory_pressure-candidate-rep3-20260920T041304Z,memory_pressure_candidate,native,1,2026-09-20T04:22:39.269679+00:00,0.17887119902297854,200,True
verify-memory_pressure-candidate-rep3-20260920T041304Z,memory_pressure_candidate,native,1,2026-09-20T04:22:40.271474+00:00,0.27539911214262247,200,True
verify-memory_pressure-candidate-rep3-20260920T041304Z,memory_pressure_candidate,native,1,2026-09-20T04:22:41.269963+00:00,0.2674216730520129,200,True
verify-memory_pressure-candidate-rep3-20260920T041304Z,memory_pressure_candidate,native,1,2026-09-20T04:22:42.269244+00:00,0.2525047711096704,200,True
verify-memory_pressure-candidate-rep3-20260920T041304Z,memory_pressure_candidate,native,1,2026-09-20T04:22:43.269619+00:00,0.2689616531133652,200,True
verify-memory_pressure-candidate-rep3-20260920T041304Z,memory_pressure_candidate,native,1,2026-09-20T04:22:44.270177+00:00,0.2569606569595635,200,True
verify-memory_pressure-candidate-rep3-20260920T041304Z,memory_pressure_candidate,native,1,2026-09-20T04:22:45.269414+00:00,0.19114419794641435,200,True
verify-memory_pressure-candidate-rep3-20260920T041304Z,memory_pressure_candidate,native,1,2026-09-20T04:22:46.269314+00:00,0.1785441949032247,200,True
verify-memory_pressure-candidate-rep3-20260920T041304Z,memory_pressure_candidate,native,1,2026-09-20T04:22:47.269812+00:00,0.26398622896522284,200,True
verify-memory_pressure-candidate-rep3-20260920T041304Z,memory_pressure_candidate,native,1,2026-09-20T04:22:48.269303+00:00,0.17473772494122386,200,True
verify-memory_pressure-candidate-rep3-20260920T041304Z,memory_pressure_candidate,native,1,2026-09-20T04:22:49.272750+00:00,0.2733789880294353,200,True
verify-memory_pressure-candidate-rep3-20260920T041304Z,memory_pressure_candidate,native,1,2026-09-20T04:22:50.269807+00:00,0.27016431698575616,200,True
verify-memory_pressure-candidate-rep3-20260920T041304Z,memory_pressure_candidate,native,1,2026-09-20T04:22:51.269636+00:00,0.2861001780256629,200,True
verify-memory_pressure-candidate-rep3-20260920T041304Z,memory_pressure_candidate,native,1,2026-09-20T04:22:52.270077+00:00,0.2530705011449754,200,True
