stage,sent_at,latency,status,success
stage-1-baseline,2026-09-05T02:15:31.333933,2.309921400003077,200,True
stage-1-baseline,2026-09-05T02:15:32.337026,2.420292700000573,200,True
stage-1-baseline,2026-09-05T02:15:33.335381,2.7203449999942677,200,True
stage-1-baseline,2026-09-05T02:15:34.335129,2.6865714000014123,200,True
stage-1-baseline,2026-09-05T02:15:35.348242,2.641911600003368,200,True
stage-1-baseline,2026-09-05T02:15:36.346261,2.556657199995243,200,True
stage-1-baseline,2026-09-05T02:15:37.347128,2.4559827000048244,200,True
stage-1-baseline,2026-09-05T02:15:38.335564,2.37767029999668,200,True
stage-1-baseline,2026-09-05T02:15:39.348530,2.61600780000299,200,True
stage-1-baseline,2026-09-05T02:15:40.341789,2.603732299998228,200,True
stage-1-baseline,2026-09-05T02:15:41.335446,2.6000025999965146,200,True
stage-1-baseline,2026-09-05T02:15:42.342178,2.360931499999424,200,True
stage-1-baseline,2026-09-05T02:15:43.343800,2.394336600002134,200,True
stage-1-baseline,2026-09-05T02:15:44.335418,2.2444042999995872,200,True
stage-1-baseline,2026-09-05T02:15:45.348502,2.347327600000426,200,True
stage-1-baseline,2026-09-05T02:15:46.334248,2.46258300000045,200,True
stage-1-baseline,2026-09-05T02:15:47.344052,2.3739437000040198,200,True
stage-1-baseline,2026-09-05T02:15:48.334311,2.4781131999989157,200,True
stage-1-baseline,2026-09-05T02:15:49.343264,2.5118571999992128,200,True
stage-1-baseline,2026-09-05T02:15:50.334200,2.585568800001056,200,True
stage-1-baseline,2026-09-05T02:15:51.335766,2.370290399994701,200,True
stage-1-baseline,2026-09-05T02:15:52.334979,2.471897399998852,200,True
stage-1-baseline,2026-09-05T02:15:53.335995,2.4072945000007167,200,True
stage-1-baseline,2026-09-05T02:15:54.335926,2.5742007000008016,200,True
stage-1-baseline,2026-09-05T02:15:55.349052,2.3785734999983106,200,True
stage-1-baseline,2026-09-05T02:15:56.335491,2.3976431999981287,200,True
stage-1-baseline,2026-09-05T02:15:57.334453,2.3783881999988807,200,True
stage-1-baseline,2026-09-05T02:15:58.341777,2.5047409999970114,200,True
stage-1-baseline,2026-09-05T02:15:59.344949,2.616277299996,200,True
stage-1-baseline,2026-09-05T02:16:00.340107,2.707560000002559,200,True
stage-1-baseline,2026-09-05T02:16:01.342383,2.5789609999992535,200,True
stage-1-baseline,2026-09-05T02:16:02.334951,2.4808733000027132,200,True
stage-1-baseline,2026-09-05T02:16:03.335209,2.502537600004871,200,True
stage-1-baseline,2026-09-05T02:16:04.342704,2.5305435999980546,200,True
stage-1-baseline,2026-09-05T02:16:05.335635,2.4799147000012454,200,True
stage-1-baseline,2026-09-05T02:16:06.334940,2.3180973999988055,200,True
stage-1-baseline,2026-09-05T02:16:07.334978,2.4783906000011484,200,True
stage-1-baseline,2026-09-05T02:16:08.342879,2.328280399997311,200,True
stage-1-baseline,2026-09-05T02:16:09.343423,2.375511699996423,200,True
stage-1-baseline,2026-09-05T02:16:10.334780,2.353122100001201,200,True
stage-1-baseline,2026-09-05T02:16:11.335003,2.367116500005068,200,True
stage-1-baseline,2026-09-05T02:16:12.335039,2.2917648000002373,200,True
stage-1-baseline,2026-09-05T02:16:13.334825,2.3712558999977773,200,True
stage-1-baseline,2026-09-05T02:16:14.334878,2.504156699993473,200,True
stage-1-baseline,2026-09-05T02:16:15.334623,2.4456222000007983,200,True
stage-1-baseline,2026-09-05T02:16:16.335117,2.3763661999983015,200,True
stage-1-baseline,2026-09-05T02:16:17.334721,2.28151909999724,200,True
stage-1-baseline,2026-09-05T02:16:18.334713,2.2930553999976837,200,True
stage-1-baseline,2026-09-05T02:16:19.334615,2.369285499997204,200,True
stage-1-baseline,2026-09-05T02:16:20.334570,2.380413699997007,200,True
stage-1-baseline,2026-09-05T02:16:21.334831,2.303821400004381,200,True
stage-1-baseline,2026-09-05T02:16:22.334893,2.3883734999981243,200,True
stage-1-baseline,2026-09-05T02:16:23.335016,2.676076899995678,200,True
stage-1-baseline,2026-09-05T02:16:24.343830,2.587849199997436,200,True
stage-1-baseline,2026-09-05T02:16:25.342772,2.386003500003426,200,True
stage-1-baseline,2026-09-05T02:16:26.341202,2.456382800002757,200,True
stage-1-baseline,2026-09-05T02:16:27.335581,2.5867152999999234,200,True
stage-1-baseline,2026-09-05T02:16:28.341586,2.5584072999990894,200,True
stage-1-baseline,2026-09-05T02:16:29.341155,2.370111399999587,200,True
stage-1-baseline,2026-09-05T02:16:30.345002,2.1735163999983342,200,True
stage-2-fine-1.5,2026-09-05T02:16:32.518736,2.340366999997059,200,True
stage-2-fine-1.5,2026-09-05T02:16:33.193372,2.8422997999950894,200,True
stage-2-fine-1.5,2026-09-05T02:16:33.859439,3.138166499993531,200,True
stage-2-fine-1.5,2026-09-05T02:16:34.527169,3.4799627999964287,200,True
stage-2-fine-1.5,2026-09-05T02:16:35.190873,3.5082609000019147,200,True
stage-2-fine-1.5,2026-09-05T02:16:35.855091,3.6021405999999843,200,True
stage-2-fine-1.5,2026-09-05T02:16:36.523751,3.622458400001051,200,True
stage-2-fine-1.5,2026-09-05T02:16:37.189841,3.7201367000016035,200,True
stage-2-fine-1.5,2026-09-05T02:16:37.865554,3.8132735999970464,200,True
stage-2-fine-1.5,2026-09-05T02:16:38.522446,4.0043891000022995,200,True
stage-2-fine-1.5,2026-09-05T02:16:39.197315,4.183562599995639,200,True
stage-2-fine-1.5,2026-09-05T02:16:39.864491,4.167574800005241,200,True
stage-2-fine-1.5,2026-09-05T02:16:40.531651,4.271080799997435,200,True
stage-2-fine-1.5,2026-09-05T02:16:41.185677,4.053011799995147,200,True
stage-2-fine-1.5,2026-09-05T02:16:41.855568,3.980119599997124,200,True
stage-2-fine-1.5,2026-09-05T02:16:42.527084,3.9932924000022467,200,True
stage-2-fine-1.5,2026-09-05T02:16:43.189131,3.6346279999997932,200,True
stage-2-fine-1.5,2026-09-05T02:16:43.862640,3.7596592999980203,200,True
stage-2-fine-1.5,2026-09-05T02:16:44.530177,3.8337492999999085,200,True
stage-2-fine-1.5,2026-09-05T02:16:45.189539,3.7252732000051765,200,True
stage-2-fine-1.5,2026-09-05T02:16:45.864736,3.7579371000028914,200,True
stage-2-fine-1.5,2026-09-05T02:16:46.520463,3.8008060999927693,200,True
stage-2-fine-1.5,2026-09-05T02:16:47.191175,3.448130200005835,200,True
stage-2-fine-1.5,2026-09-05T02:16:47.862462,3.392537599997013,200,True
stage-2-fine-1.5,2026-09-05T02:16:48.531181,3.462383600002795,200,True
stage-2-fine-1.5,2026-09-05T02:16:49.186108,3.4834626000010758,200,True
stage-2-fine-1.5,2026-09-05T02:16:49.864844,3.4908065000054194,200,True
stage-2-fine-1.5,2026-09-05T02:16:50.520903,3.4463476000019,200,True
stage-2-fine-1.5,2026-09-05T02:16:51.197234,3.524841299993568,200,True
stage-2-fine-1.5,2026-09-05T02:16:51.868891,3.4707680999999866,200,True
stage-2-fine-1.5,2026-09-05T02:16:52.523534,3.4781081000037375,200,True
stage-2-fine-1.5,2026-09-05T02:16:53.187727,3.541504900000291,200,True
stage-2-fine-1.5,2026-09-05T02:16:53.853559,3.5607699999964098,200,True
stage-2-fine-1.5,2026-09-05T02:16:54.523510,3.4386535999947228,200,True
stage-2-fine-1.5,2026-09-05T02:16:55.186247,3.354957599993213,200,True
stage-2-fine-1.5,2026-09-05T02:16:55.861309,3.4919353000004776,200,True
stage-2-fine-1.5,2026-09-05T02:16:56.533270,3.4473186000032,200,True
stage-2-fine-1.5,2026-09-05T02:16:57.197015,3.4406354000020656,200,True
stage-2-fine-1.5,2026-09-05T02:16:57.867067,3.3917428999993717,200,True
stage-2-fine-1.5,2026-09-05T02:16:58.530743,3.6687313000002177,200,True
stage-2-fine-1.5,2026-09-05T02:16:59.196181,3.316437199995562,200,True
stage-2-fine-1.5,2026-09-05T02:16:59.864436,3.3407428999998956,200,True
stage-2-fine-1.5,2026-09-05T02:17:00.518878,3.4073774999997113,200,True
stage-2-fine-1.5,2026-09-05T02:17:01.192388,3.7317861999981687,200,True
stage-2-fine-1.5,2026-09-05T02:17:01.855517,3.800414900004398,200,True
stage-2-fine-1.5,2026-09-05T02:17:02.525596,3.8879460000025574,200,True
stage-2-fine-1.5,2026-09-05T02:17:03.199740,3.889594100000977,200,True
stage-2-fine-1.5,2026-09-05T02:17:03.859621,3.549489500001073,200,True
stage-2-fine-1.5,2026-09-05T02:17:04.528740,3.5788520999994944,200,True
stage-2-fine-1.5,2026-09-05T02:17:05.193791,3.693893899995601,200,True
stage-2-fine-1.5,2026-09-05T02:17:05.857785,3.693027399996936,200,True
stage-2-fine-1.5,2026-09-05T02:17:06.519831,3.679115000006277,200,True
stage-2-fine-1.5,2026-09-05T02:17:07.185749,3.7131586000032257,200,True
stage-2-fine-1.5,2026-09-05T02:17:07.859162,3.743116400000872,200,True
stage-2-fine-1.5,2026-09-05T02:17:08.524227,3.845771300002525,200,True
stage-2-fine-1.5,2026-09-05T02:17:09.187976,4.070451299994602,200,True
stage-2-fine-1.5,2026-09-05T02:17:09.856342,4.159159900002123,200,True
stage-2-fine-1.5,2026-09-05T02:17:10.520080,4.213114199999836,200,True
stage-2-fine-1.5,2026-09-05T02:17:11.193528,3.9197753999978886,200,True
stage-2-fine-1.5,2026-09-05T02:17:11.858940,4.140133100001549,200,True
stage-2-fine-1.5,2026-09-05T02:17:12.522671,4.186359500003164,200,True
stage-2-fine-1.5,2026-09-05T02:17:13.196401,4.228522600002179,200,True
stage-2-fine-1.5,2026-09-05T02:17:13.864074,3.9337299000035273,200,True
stage-2-fine-1.5,2026-09-05T02:17:14.522369,3.979752400002326,200,True
stage-2-fine-1.5,2026-09-05T02:17:15.189053,3.9815106999958516,200,True
stage-2-fine-1.5,2026-09-05T02:17:15.855953,3.6605886000033934,200,True
stage-2-fine-1.5,2026-09-05T02:17:16.522198,3.7959495000031893,200,True
stage-2-fine-1.5,2026-09-05T02:17:17.191279,3.90130080000381,200,True
stage-2-fine-1.5,2026-09-05T02:17:17.861574,3.900554600004398,200,True
stage-2-fine-1.5,2026-09-05T02:17:18.529397,3.9990520999999717,200,True
stage-2-fine-1.5,2026-09-05T02:17:19.198482,4.155382999997528,200,True
stage-2-fine-1.5,2026-09-05T02:17:19.855526,3.8830043000052683,200,True
stage-2-fine-1.5,2026-09-05T02:17:20.529523,3.8462557999955607,200,True
stage-2-fine-1.5,2026-09-05T02:17:21.188072,3.9462934999974095,200,True
stage-2-fine-1.5,2026-09-05T02:17:21.867433,3.9546489999993355,200,True
stage-2-fine-1.5,2026-09-05T02:17:22.525428,3.9982915000000503,200,True
stage-2-fine-1.5,2026-09-05T02:17:23.197450,3.6946452999982284,200,True
stage-2-fine-1.5,2026-09-05T02:17:23.860390,3.8410344000003533,200,True
stage-2-fine-1.5,2026-09-05T02:17:24.527930,4.046147799999744,200,True
stage-2-fine-1.5,2026-09-05T02:17:25.193605,4.108467899997777,200,True
stage-2-fine-1.5,2026-09-05T02:17:25.864531,4.17917459999444,200,True
stage-2-fine-1.5,2026-09-05T02:17:26.521076,4.334907200005546,200,True
stage-2-fine-1.5,2026-09-05T02:17:27.187555,4.0571190000046045,200,True
stage-2-fine-1.5,2026-09-05T02:17:27.853818,4.0567729999966105,200,True
stage-2-fine-1.5,2026-09-05T02:17:28.523814,4.184788499995193,200,True
stage-2-fine-1.5,2026-09-05T02:17:29.190198,4.282992600004945,200,True
stage-2-fine-1.5,2026-09-05T02:17:29.854775,3.9280155999949784,200,True
stage-2-fine-1.5,2026-09-05T02:17:30.523997,3.9968593000012334,200,True
stage-2-fine-1.5,2026-09-05T02:17:31.189651,4.128962399998272,200,True
stage-2-fine-1.5,2026-09-05T02:17:31.857200,3.7468765000012354,200,True
stage-2-fine-1.5,2026-09-05T02:17:32.531680,3.809686500004318,200,True
stage-2-fine-1.5,2026-09-05T02:17:33.193606,3.9140408000021125,200,True
stage-2-fine-1.5,2026-09-05T02:17:33.854689,3.9581878000026336,200,True
stage-2-fine-1.5,2026-09-05T02:17:34.520923,4.108284900001308,200,True
stage-2-fine-1.5,2026-09-05T02:17:35.192368,3.7444460000042454,200,True
stage-2-fine-1.5,2026-09-05T02:17:35.853997,3.8501547000050778,200,True
stage-2-fine-1.5,2026-09-05T02:17:36.523258,3.9258495999965817,200,True
stage-2-fine-1.5,2026-09-05T02:17:37.189714,4.014763999999559,200,True
stage-2-fine-1.5,2026-09-05T02:17:37.863949,4.0900445000006584,200,True
stage-2-fine-1.5,2026-09-05T02:17:38.522383,4.236023000004934,200,True
stage-2-fine-1.5,2026-09-05T02:17:39.190228,4.009719800000312,200,True
stage-2-fine-1.5,2026-09-05T02:17:39.856447,4.07321929999307,200,True
stage-2-fine-1.5,2026-09-05T02:17:40.522303,4.20224810000218,200,True
stage-2-fine-1.5,2026-09-05T02:17:41.197101,4.248252400000638,200,True
stage-2-fine-1.5,2026-09-05T02:17:41.855567,3.955884099996183,200,True
stage-2-fine-1.5,2026-09-05T02:17:42.520272,4.114772799999628,200,True
stage-2-fine-1.5,2026-09-05T02:17:43.186396,4.259639800002333,200,True
stage-2-fine-1.5,2026-09-05T02:17:43.865543,3.9927687000017613,200,True
stage-2-fine-1.5,2026-09-05T02:17:44.523471,4.206838599995535,200,True
stage-2-fine-1.5,2026-09-05T02:17:45.188424,4.315372200006095,200,True
stage-2-fine-1.5,2026-09-05T02:17:45.856941,4.561381999999867,200,True
stage-2-fine-1.5,2026-09-05T02:17:46.531821,4.275679099999252,200,True
stage-2-fine-1.5,2026-09-05T02:17:47.198165,4.612511400002404,200,True
stage-2-fine-1.5,2026-09-05T02:17:47.854599,4.780197100000805,200,True
stage-2-fine-1.5,2026-09-05T02:17:48.524350,4.510608199998387,200,True
stage-2-fine-1.5,2026-09-05T02:17:49.188698,4.819335600004706,200,True
stage-2-fine-1.5,2026-09-05T02:17:49.864631,4.551608500005386,200,True
stage-2-fine-1.5,2026-09-05T02:17:50.523813,4.825112099999387,200,True
stage-2-fine-1.5,2026-09-05T02:17:51.191263,4.627740500000073,200,True
stage-2-fine-1.5,2026-09-05T02:17:51.857042,4.855423399996653,200,True
stage-2-fine-1.5,2026-09-05T02:17:52.523952,4.9935372000036296,200,True
stage-2-fine-1.5,2026-09-05T02:17:53.197958,4.754008299998532,200,True
stage-2-fine-1.5,2026-09-05T02:17:53.857715,4.662304500001483,200,True
stage-2-fine-1.5,2026-09-05T02:17:54.520015,4.882000899997365,200,True
stage-2-fine-1.5,2026-09-05T02:17:55.198368,4.602851600000577,200,True
stage-2-fine-1.5,2026-09-05T02:17:55.865000,4.6619868999987375,200,True
stage-2-fine-1.5,2026-09-05T02:17:56.523458,4.427828700005193,200,True
stage-2-fine-1.5,2026-09-05T02:17:57.190845,4.644189400001778,200,True
stage-2-fine-1.5,2026-09-05T02:17:57.854664,4.397077800000261,200,True
stage-2-fine-1.5,2026-09-05T02:17:58.520106,4.530240199994296,200,True
stage-2-fine-1.5,2026-09-05T02:17:59.188725,4.254979100005585,200,True
stage-2-fine-1.5,2026-09-05T02:17:59.856508,4.255525399996259,200,True
stage-2-fine-1.5,2026-09-05T02:18:00.523451,4.097261399998388,200,True
stage-2-fine-1.5,2026-09-05T02:18:01.190612,3.7182941999999457,200,True
stage-2-fine-1.5,2026-09-05T02:18:01.864153,3.485567699994135,200,True
stage-3-fine-2.0,2026-09-05T02:18:05.350153,2.651792699994985,200,True
stage-3-fine-2.0,2026-09-05T02:18:05.857961,3.3393110999968485,200,True
stage-3-fine-2.0,2026-09-05T02:18:06.357480,3.6858457999987877,200,True
stage-3-fine-2.0,2026-09-05T02:18:06.850799,4.217525300002308,200,True
stage-3-fine-2.0,2026-09-05T02:18:07.356008,4.663595700003498,200,True
stage-3-fine-2.0,2026-09-05T02:18:07.860966,4.682956599994213,200,True
stage-3-fine-2.0,2026-09-05T02:18:08.357036,4.818075900002441,200,True
stage-3-fine-2.0,2026-09-05T02:18:08.855706,5.381061100000807,200,True
stage-3-fine-2.0,2026-09-05T02:18:09.351265,5.550714299999527,200,True
stage-3-fine-2.0,2026-09-05T02:18:09.856341,5.6969479999970645,200,True
stage-3-fine-2.0,2026-09-05T02:18:10.356445,5.763522100001865,200,True
stage-3-fine-2.0,2026-09-05T02:18:10.856423,5.916716200001247,200,True
stage-3-fine-2.0,2026-09-05T02:18:11.356184,6.083470800003852,200,True
stage-3-fine-2.0,2026-09-05T02:18:11.857408,6.232010200001241,200,True
stage-3-fine-2.0,2026-09-05T02:18:12.356407,6.358597699996608,200,True
stage-3-fine-2.0,2026-09-05T02:18:12.857456,6.478416700003436,200,True
stage-3-fine-2.0,2026-09-05T02:18:13.365176,6.5620727999994415,200,True
stage-3-fine-2.0,2026-09-05T02:18:13.861970,6.749258499999996,200,True
stage-3-fine-2.0,2026-09-05T02:18:14.356611,7.001717300001474,200,True
stage-3-fine-2.0,2026-09-05T02:18:14.856694,7.14528319999954,200,True
stage-3-fine-2.0,2026-09-05T02:18:15.351288,6.650713000002725,200,True
stage-3-fine-2.0,2026-09-05T02:18:15.857099,6.845954999997048,200,True
stage-3-fine-2.0,2026-09-05T02:18:16.360606,7.163136700000905,200,True
stage-3-fine-2.0,2026-09-05T02:18:16.861581,7.497155599994585,200,True
stage-3-fine-2.0,2026-09-05T02:18:17.856437,7.27662109999801,200,True
stage-3-fine-2.0,2026-09-05T02:18:17.357123,7.7760149000023375,200,True
stage-3-fine-2.0,2026-09-05T02:18:18.357757,7.49230720000196,200,True
stage-3-fine-2.0,2026-09-05T02:18:18.858559,7.800640500005102,200,True
stage-3-fine-2.0,2026-09-05T02:18:19.356562,8.099449499997718,200,True
stage-3-fine-2.0,2026-09-05T02:18:20.355412,7.8726822000026,200,True
stage-3-fine-2.0,2026-09-05T02:18:19.856997,8.371167900004366,200,True
stage-3-fine-2.0,2026-09-05T02:18:20.855304,8.254510599996138,200,True
stage-3-fine-2.0,2026-09-05T02:18:21.354451,8.67337559999578,200,True
stage-3-fine-2.0,2026-09-05T02:18:21.858099,8.170306499996514,200,True
stage-3-fine-2.0,2026-09-05T02:18:22.350990,8.48351079999702,200,True
stage-3-fine-2.0,2026-09-05T02:18:22.856683,8.883297400003357,200,True
stage-3-fine-2.0,2026-09-05T02:18:23.356710,8.427766900000279,200,True
stage-3-fine-2.0,2026-09-05T02:18:23.863846,8.738076599998749,200,True
stage-3-fine-2.0,2026-09-05T02:18:24.356287,9.144370300004084,200,True
stage-3-fine-2.0,2026-09-05T02:18:24.856549,8.644156599999405,200,True
stage-3-fine-2.0,2026-09-05T02:18:25.356562,8.968453400004364,200,True
stage-3-fine-2.0,2026-09-05T02:18:26.356299,8.858713900001021,200,True
stage-3-fine-2.0,2026-09-05T02:18:25.856601,9.358467999998538,200,True
stage-3-fine-2.0,2026-09-05T02:18:26.855672,9.279038300002867,200,True
stage-3-fine-2.0,2026-09-05T02:18:27.856099,9.252276400002302,200,True
stage-3-fine-2.0,2026-09-05T02:18:27.356667,9.751734599994961,200,True
stage-3-fine-2.0,2026-09-05T02:18:28.357114,9.659358899996732,200,True
stage-3-fine-2.0,2026-09-05T02:18:28.857280,9.216844700000365,200,True
stage-3-fine-2.0,2026-09-05T02:18:29.856761,9.143006199999945,200,True
stage-3-fine-2.0,2026-09-05T02:18:29.356321,9.688142800005153,200,True
stage-3-fine-2.0,2026-09-05T02:18:30.356776,9.64166600000317,200,True
stage-3-fine-2.0,2026-09-05T02:18:30.851702,10.072504099996877,200,True
stage-3-fine-2.0,2026-09-05T02:18:31.356718,9.56981139999698,200,True
stage-3-fine-2.0,2026-09-05T02:18:31.856311,10.00360310000542,200,True
stage-3-fine-2.0,2026-09-05T02:18:32.356256,9.503695899999002,200,True
stage-3-fine-2.0,2026-09-05T02:18:32.856153,9.961307999998098,200,True
stage-3-fine-2.0,2026-09-05T02:18:33.856170,9.848448700002336,200,True
stage-3-fine-2.0,2026-09-05T02:18:33.356036,10.35101100000611,200,True
stage-3-fine-2.0,2026-09-05T02:18:34.856527,9.818876900004398,200,True
stage-3-fine-2.0,2026-09-05T02:18:34.350337,10.325256799995259,200,True
stage-3-fine-2.0,2026-09-05T02:18:35.356422,10.2270783999993,200,True
stage-3-fine-2.0,2026-09-05T02:18:35.856716,9.726811300002737,200,True
stage-3-fine-2.0,2026-09-05T02:18:36.851030,9.569349900004454,200,True
stage-3-fine-2.0,2026-09-05T02:18:36.356558,10.06387459999678,200,True
stage-3-fine-2.0,2026-09-05T02:18:37.850578,9.643126800001482,200,True
stage-3-fine-2.0,2026-09-05T02:18:37.356495,10.137263299999177,200,True
stage-3-fine-2.0,2026-09-05T02:18:38.856618,9.45222769999964,200,True
stage-3-fine-2.0,2026-09-05T02:18:38.355230,9.95370019999973,200,True
stage-3-fine-2.0,2026-09-05T02:18:39.356769,9.86621020000166,200,True
stage-3-fine-2.0,2026-09-05T02:18:39.854025,9.387760099998559,200,True
stage-3-fine-2.0,2026-09-05T02:18:40.356883,9.893144699999539,200,True
stage-3-fine-2.0,2026-09-05T02:18:40.854171,10.254285800001526,200,True
stage-3-fine-2.0,2026-09-05T02:18:41.355507,9.804988399999274,200,True
stage-3-fine-2.0,2026-09-05T02:18:41.857036,10.271330000003218,200,True
stage-3-fine-2.0,2026-09-05T02:18:42.358307,9.77010710000468,200,True
stage-3-fine-2.0,2026-09-05T02:18:42.856250,10.283204099992872,200,True
stage-3-fine-2.0,2026-09-05T02:18:43.356505,9.782974099995045,200,True
stage-3-fine-2.0,2026-09-05T02:18:44.355736,9.804257499999949,200,True
stage-3-fine-2.0,2026-09-05T02:18:43.856102,10.303934900002787,200,True
stage-3-fine-2.0,2026-09-05T02:18:45.357908,9.677789199995459,200,True
stage-3-fine-2.0,2026-09-05T02:18:44.853433,10.182310100004543,200,True
stage-3-fine-2.0,2026-09-05T02:18:45.857581,10.185393400002795,200,True
stage-3-fine-2.0,2026-09-05T02:18:46.364464,9.678576400001475,200,True
stage-3-fine-2.0,2026-09-05T02:18:46.856096,10.158728800000972,200,True
stage-3-fine-2.0,2026-09-05T02:18:47.355186,9.659681300006923,200,True
stage-3-fine-2.0,2026-09-05T02:18:47.855133,10.109632200001215,200,True
stage-3-fine-2.0,2026-09-05T02:18:48.355864,10.66699510000035,200,True
stage-3-fine-2.0,2026-09-05T02:18:48.856327,10.16656040000089,200,True
stage-3-fine-2.0,2026-09-05T02:18:49.857057,10.154741500002274,200,True
stage-3-fine-2.0,2026-09-05T02:18:49.356344,10.655590000002121,200,True
stage-3-fine-2.0,2026-09-05T02:18:50.855263,10.14230900000257,200,True
stage-3-fine-2.0,2026-09-05T02:18:50.356030,10.685926400001335,200,True
stage-3-fine-2.0,2026-09-05T02:18:51.350157,10.685221799998544,200,True
stage-3-fine-2.0,2026-09-05T02:18:51.856047,10.227944300000672,200,True
stage-3-fine-2.0,2026-09-05T02:18:52.855348,10.16194039999391,200,True
stage-3-fine-2.0,2026-09-05T02:18:52.355938,10.661395299997821,200,True
stage-3-fine-2.0,2026-09-05T02:18:53.856934,10.143178199999966,200,True
stage-3-fine-2.0,2026-09-05T02:18:53.363492,10.63666799999919,200,True
stage-3-fine-2.0,2026-09-05T02:18:54.856823,10.084029400000873,200,True
stage-3-fine-2.0,2026-09-05T02:18:54.356668,10.628708899996127,200,True
stage-3-fine-2.0,2026-09-05T02:18:55.856920,10.070485700001882,200,True
stage-3-fine-2.0,2026-09-05T02:18:55.356889,10.570561399996222,200,True
stage-3-fine-2.0,2026-09-05T02:18:56.354823,10.653269599999476,200,True
stage-3-fine-2.0,2026-09-05T02:18:56.856250,10.151952599997458,200,True
stage-3-fine-2.0,2026-09-05T02:18:57.358129,10.645299899995734,200,True
stage-3-fine-2.0,2026-09-05T02:18:57.856225,10.147278000004007,200,True
stage-3-fine-2.0,2026-09-05T02:18:58.856370,10.037804799998412,200,True
stage-3-fine-2.0,2026-09-05T02:18:58.355911,10.53828010000143,200,True
stage-3-fine-2.0,2026-09-05T02:18:59.864814,9.994507600000361,200,True
stage-3-fine-2.0,2026-09-05T02:18:59.356307,10.503049099999771,200,True
stage-3-fine-2.0,2026-09-05T02:19:00.355879,10.583567500005302,200,True
stage-3-fine-2.0,2026-09-05T02:19:00.856285,10.083232099997986,200,True
stage-3-fine-2.0,2026-09-05T02:19:01.355924,10.67257470000186,200,True
stage-3-fine-2.0,2026-09-05T02:19:01.857122,10.171416299999692,200,True
stage-3-fine-2.0,2026-09-05T02:19:02.855573,10.23602789999859,200,True
stage-3-fine-2.0,2026-09-05T02:19:02.363338,10.728352399994037,200,True
stage-3-fine-2.0,2026-09-05T02:19:03.856480,10.344143800000893,200,True
stage-3-fine-2.0,2026-09-05T02:19:03.356038,10.844644400000107,200,True
stage-3-fine-2.0,2026-09-05T02:19:04.856038,10.27032390000386,200,True
stage-3-fine-2.0,2026-09-05T02:19:04.355960,10.77044190000015,200,True
stage-3-fine-2.0,2026-09-05T02:19:05.356193,10.774922399999923,200,True
stage-3-fine-2.0,2026-09-05T02:19:05.864543,10.26662010000291,200,True
stage-3-fine-2.0,2026-09-05T02:19:06.356358,10.787374200001068,200,True
stage-3-fine-2.0,2026-09-05T02:19:06.857161,10.28659499999776,200,True
stage-3-fine-2.0,2026-09-05T02:19:07.357374,10.793102100004035,200,True
stage-3-fine-2.0,2026-09-05T02:19:07.856642,10.293856800002686,200,True
stage-3-fine-2.0,2026-09-05T02:19:08.362534,10.744921199999226,200,True
stage-3-fine-2.0,2026-09-05T02:19:08.856245,11.241067400005704,200,True
stage-3-fine-2.0,2026-09-05T02:19:09.355872,10.741466800005583,200,True
stage-3-fine-2.0,2026-09-05T02:19:09.855962,11.326928900001803,200,True
stage-3-fine-2.0,2026-09-05T02:19:10.357442,10.825496800003748,200,True
stage-3-fine-2.0,2026-09-05T02:19:10.855934,10.327023099998769,200,True
stage-3-fine-2.0,2026-09-05T02:19:11.355294,10.867114499997115,200,True
stage-3-fine-2.0,2026-09-05T02:19:11.855865,10.366643500005011,200,True
stage-3-fine-2.0,2026-09-05T02:19:12.856026,10.419841700000688,200,True
stage-3-fine-2.0,2026-09-05T02:19:12.355509,10.92038329999923,200,True
stage-3-fine-2.0,2026-09-05T02:19:13.856043,10.427172700001393,200,True
stage-3-fine-2.0,2026-09-05T02:19:13.356824,10.926425300000119,200,True
stage-3-fine-2.0,2026-09-05T02:19:14.855971,10.493897799999104,200,True
stage-3-fine-2.0,2026-09-05T02:19:14.355818,10.994089100000565,200,True
stage-3-fine-2.0,2026-09-05T02:19:15.855690,10.463241299999936,200,True
stage-3-fine-2.0,2026-09-05T02:19:15.355314,10.963656100000662,200,True
stage-3-fine-2.0,2026-09-05T02:19:16.355715,11.052166400004353,200,True
stage-3-fine-2.0,2026-09-05T02:19:16.856640,10.55127150000044,200,True
stage-3-fine-2.0,2026-09-05T02:19:17.855823,10.567882600000303,200,True
stage-3-fine-2.0,2026-09-05T02:19:17.355685,11.06806990000041,200,True
stage-3-fine-2.0,2026-09-05T02:19:18.363387,11.05592389999947,200,True
stage-3-fine-2.0,2026-09-05T02:19:18.856233,10.563139599995338,200,True
stage-3-fine-2.0,2026-09-05T02:19:19.355511,11.175246900005732,200,True
stage-3-fine-2.0,2026-09-05T02:19:19.855452,10.675343300004897,200,True
stage-3-fine-2.0,2026-09-05T02:19:20.355398,11.278561000006448,200,True
stage-3-fine-2.0,2026-09-05T02:19:20.855013,10.828241700000945,200,True
stage-3-fine-2.0,2026-09-05T02:19:21.858249,10.784299999999348,200,True
stage-3-fine-2.0,2026-09-05T02:19:21.356615,11.285974099999294,200,True
stage-3-fine-2.0,2026-09-05T02:19:22.856464,10.779860300004657,200,True
stage-3-fine-2.0,2026-09-05T02:19:22.355487,11.280887599998096,200,True
stage-3-fine-2.0,2026-09-05T02:19:23.855180,10.750633499999822,200,True
stage-3-fine-2.0,2026-09-05T02:19:23.355344,11.294612799996685,200,True
stage-3-fine-2.0,2026-09-05T02:19:24.355438,11.311912899996969,200,True
stage-3-fine-2.0,2026-09-05T02:19:24.856463,10.810920200005057,200,True
stage-3-fine-2.0,2026-09-05T02:19:25.864387,10.78314749999845,200,True
stage-3-fine-2.0,2026-09-05T02:19:25.355675,11.291858100004902,200,True
stage-3-fine-2.0,2026-09-05T02:19:27.362101,10.150892500001646,200,True
stage-3-fine-2.0,2026-09-05T02:19:26.855391,10.657628900000418,200,True
stage-3-fine-2.0,2026-09-05T02:19:26.355744,11.157306199995219,200,True
stage-3-fine-2.0,2026-09-05T02:19:27.856208,10.468790999999328,200,True
stage-3-fine-2.0,2026-09-05T02:19:28.355322,9.969710899997153,200,True
stage-3-fine-2.0,2026-09-05T02:19:28.855557,10.38009559999773,200,True
stage-3-fine-2.0,2026-09-05T02:19:29.355491,9.880168600000616,200,True
stage-3-fine-2.0,2026-09-05T02:19:30.356441,9.343415099996491,200,True
stage-3-fine-2.0,2026-09-05T02:19:29.853928,9.943520900000294,200,True
stage-3-fine-2.0,2026-09-05T02:19:30.855776,9.418969599995762,200,True
stage-3-fine-2.0,2026-09-05T02:19:31.355742,8.919059200001357,200,True
stage-3-fine-2.0,2026-09-05T02:19:31.862075,8.872580900002504,200,True
stage-3-fine-2.0,2026-09-05T02:19:32.354163,8.380526100001589,200,True
stage-3-fine-2.0,2026-09-05T02:19:33.355767,7.771303999994416,200,True
stage-3-fine-2.0,2026-09-05T02:19:32.855365,8.27173010000115,200,True
stage-3-fine-2.0,2026-09-05T02:19:34.355671,7.058247199995094,200,True
stage-3-fine-2.0,2026-09-05T02:19:33.855249,7.558733400001074,200,True
stage-3-fine-2.0,2026-09-05T02:19:34.855431,6.685647799997241,200,True
stage-4-fine-2.5,2026-09-05T02:19:41.541390,0.09294260000024224,,False
stage-4-fine-2.5,2026-09-05T02:19:42.346587,0.32126789999892935,,False
stage-4-fine-2.5,2026-09-05T02:19:41.947278,0.7205699999976787,,False
stage-4-fine-2.5,2026-09-05T02:19:42.746996,0.7802821999939624,,False
stage-4-fine-2.5,2026-09-05T02:19:43.146736,0.3805824000010034,,False
stage-4-fine-2.5,2026-09-05T02:19:43.546935,0.7785497999939253,,False
stage-4-fine-2.5,2026-09-05T02:19:43.946829,0.37885629999800585,,False
stage-4-fine-2.5,2026-09-05T02:19:44.344700,0.7424691000051098,,False
stage-4-fine-2.5,2026-09-05T02:19:44.756354,0.33097799999814015,,False
stage-4-fine-2.5,2026-09-05T02:19:45.546206,0.15317340000183322,,False
stage-4-fine-2.5,2026-09-05T02:19:45.145564,0.5538436999995611,,False
stage-4-fine-2.5,2026-09-05T02:19:45.946054,0.3227290000068024,,False
stage-4-fine-2.5,2026-09-05T02:19:46.347510,0.385235300003842,,False
stage-4-fine-2.5,2026-09-05T02:19:46.747000,0.37869340000179363,,False
stage-4-fine-2.5,2026-09-05T02:19:47.146983,0.2697203999996418,,False
stage-4-fine-2.5,2026-09-05T02:19:47.546997,0.016490399997564964,,False
stage-4-fine-2.5,2026-09-05T02:19:47.946612,3.106270800002676,200,True
stage-4-fine-2.5,2026-09-05T02:19:48.347147,4.2860037999998895,200,True
stage-4-fine-2.5,2026-09-05T02:19:48.747169,4.56883370000287,200,True
stage-4-fine-2.5,2026-09-05T02:19:49.146810,5.5113033000016,200,True
stage-4-fine-2.5,2026-09-05T02:19:49.548081,5.85187489999953,200,True
stage-4-fine-2.5,2026-09-05T02:19:49.949625,6.155270700000983,200,True
stage-4-fine-2.5,2026-09-05T02:19:50.346750,6.477653299996746,200,True
stage-4-fine-2.5,2026-09-05T02:19:50.755500,6.886325500003295,200,True
stage-4-fine-2.5,2026-09-05T02:19:51.147793,7.4296627000003355,200,True
stage-4-fine-2.5,2026-09-05T02:19:51.546857,7.996022899998934,200,True
stage-4-fine-2.5,2026-09-05T02:19:52.347208,8.093696800002363,200,True
stage-4-fine-2.5,2026-09-05T02:19:51.953270,8.48777130000235,200,True
stage-4-fine-2.5,2026-09-05T02:19:53.146672,8.17842550000205,200,True
stage-4-fine-2.5,2026-09-05T02:19:52.747566,8.627360200000112,200,True
stage-4-fine-2.5,2026-09-05T02:19:53.554461,8.871700199997576,200,True
stage-4-fine-2.5,2026-09-05T02:19:54.347033,9.166570900000806,200,True
stage-4-fine-2.5,2026-09-05T02:19:53.947012,9.566641800003708,200,True
stage-4-fine-2.5,2026-09-05T02:19:54.745881,9.854482499998994,200,True
stage-4-fine-2.5,2026-09-05T02:19:55.146683,9.453716500000155,200,True
stage-4-fine-2.5,2026-09-05T02:19:55.546747,10.185380199996871,200,True
stage-4-fine-2.5,2026-09-05T02:19:56.347609,10.581478699998115,200,True
stage-4-fine-2.5,2026-09-05T02:19:55.947677,10.981443099997705,200,True
stage-4-fine-2.5,2026-09-05T02:19:56.746788,11.475243300003058,200,True
stage-4-fine-2.5,2026-09-05T02:19:57.155366,11.066833099997893,200,True
stage-4-fine-2.5,2026-09-05T02:19:58.346878,11.204195100006473,200,True
stage-4-fine-2.5,2026-09-05T02:19:57.947416,11.603687000002537,200,True
stage-4-fine-2.5,2026-09-05T02:19:57.546927,12.004225799995766,200,True
stage-4-fine-2.5,2026-09-05T02:19:59.147166,11.774076000001514,200,True
stage-4-fine-2.5,2026-09-05T02:19:58.746707,12.174893499999598,200,True
stage-4-fine-2.5,2026-09-05T02:19:59.946508,12.2633038999993,200,True
stage-4-fine-2.5,2026-09-05T02:19:59.542966,12.666897999995854,200,True
stage-4-fine-2.5,2026-09-05T02:20:00.346761,11.863173500001722,200,True
stage-4-fine-2.5,2026-09-05T02:20:01.146303,12.461113899997144,200,True
stage-4-fine-2.5,2026-09-05T02:20:00.746368,12.86121329999878,200,True
stage-4-fine-2.5,2026-09-05T02:20:01.547281,13.487168400002702,200,True
stage-4-fine-2.5,2026-09-05T02:20:01.947148,13.136338299998897,200,True
stage-4-fine-2.5,2026-09-05T02:20:02.746486,13.685124900002847,200,True
stage-4-fine-2.5,2026-09-05T02:20:02.346331,14.085386200000357,200,True
stage-4-fine-2.5,2026-09-05T02:20:03.145207,13.288493100000778,200,True
stage-4-fine-2.5,2026-09-05T02:20:03.549435,14.462139600000228,200,True
stage-4-fine-2.5,2026-09-05T02:20:03.946339,14.065418500002124,200,True
stage-4-fine-2.5,2026-09-05T02:20:04.346507,13.665368300004047,200,True
stage-4-fine-2.5,2026-09-05T02:20:05.546706,13.98759009999776,200,True
stage-4-fine-2.5,2026-09-05T02:20:04.746548,14.78788060000079,200,True
stage-4-fine-2.5,2026-09-05T02:20:05.147029,14.387383499997668,200,True
stage-4-fine-2.5,2026-09-05T02:20:05.946828,15.149976299995615,200,True
stage-4-fine-2.5,2026-09-05T02:20:06.746715,14.35012160000042,200,True
stage-4-fine-2.5,2026-09-05T02:20:06.346776,14.752876999998989,200,True
stage-4-fine-2.5,2026-09-05T02:20:07.547073,15.075792000003275,200,True
stage-4-fine-2.5,2026-09-05T02:20:07.147289,15.475610299996333,200,True
stage-4-fine-2.5,2026-09-05T02:20:07.954769,14.668157100000826,200,True
stage-4-fine-2.5,2026-09-05T02:20:09.146692,15.135130599999684,200,True
stage-4-fine-2.5,2026-09-05T02:20:08.346262,15.935592900001211,200,True
stage-4-fine-2.5,2026-09-05T02:20:08.746505,15.535409100004472,200,True
stage-4-fine-2.5,2026-09-05T02:20:09.946605,15.99564190000092,200,True
stage-4-fine-2.5,2026-09-05T02:20:09.547021,16.399667800003954,200,True
stage-4-fine-2.5,2026-09-05T02:20:10.346643,15.600172299993574,200,True
stage-4-fine-2.5,2026-09-05T02:20:10.747012,15.199815700005274,200,True
stage-4-fine-2.5,2026-09-05T02:20:11.148948,16.48173520000273,200,True
stage-4-fine-2.5,2026-09-05T02:20:11.546534,16.08418420000089,200,True
stage-4-fine-2.5,2026-09-05T02:20:11.945487,15.686477200004447,200,True
stage-4-fine-2.5,2026-09-05T02:20:12.746594,16.58721979999973,200,True
stage-4-fine-2.5,2026-09-05T02:20:13.146510,16.187335999995412,200,True
stage-4-fine-2.5,2026-09-05T02:20:12.346685,16.987194300003466,200,True
stage-4-fine-2.5,2026-09-05T02:20:14.344946,16.782377099996665,200,True
stage-4-fine-2.5,2026-09-05T02:20:13.946552,17.18080380000174,200,True
stage-4-fine-2.5,2026-09-05T02:20:13.547368,17.580053300000145,200,True
stage-4-fine-2.5,2026-09-05T02:20:14.746102,16.381361599997035,200,True
stage-4-fine-2.5,2026-09-05T02:20:15.947134,17.06156089999422,200,True
stage-4-fine-2.5,2026-09-05T02:20:15.546651,17.462092100002337,200,True
stage-4-fine-2.5,2026-09-05T02:20:15.145528,17.863225900000543,200,True
stage-4-fine-2.5,2026-09-05T02:20:17.545580,17.16753880000033,200,True
stage-4-fine-2.5,2026-09-05T02:20:16.746289,17.966866499999014,200,True
stage-4-fine-2.5,2026-09-05T02:20:17.142732,17.57044660000247,200,True
stage-4-fine-2.5,2026-09-05T02:20:16.346532,18.367757600004552,200,True
stage-4-fine-2.5,2026-09-05T02:20:18.346714,18.23875119999866,200,True
stage-4-fine-2.5,2026-09-05T02:20:18.746293,17.839213300001575,200,True
stage-4-fine-2.5,2026-09-05T02:20:17.945760,18.642636500000663,200,True
stage-4-fine-2.5,2026-09-05T02:20:19.147782,17.440671700001985,200,True
stage-4-fine-2.5,2026-09-05T02:20:19.946465,18.57564529999945,200,True
stage-4-fine-2.5,2026-09-05T02:20:19.546857,18.977256299993314,200,True
stage-4-fine-2.5,2026-09-05T02:20:20.346095,18.178050800001074,200,True
stage-4-fine-2.5,2026-09-05T02:20:20.746406,17.777785099999164,200,True
stage-4-fine-2.5,2026-09-05T02:20:21.146243,19.282514400001673,200,True
stage-4-fine-2.5,2026-09-05T02:20:21.946323,18.482527299995127,200,True
stage-4-fine-2.5,2026-09-05T02:20:22.346688,18.08217180000065,200,True
stage-4-fine-2.5,2026-09-05T02:20:21.546374,18.885135999997146,200,True
stage-4-fine-2.5,2026-09-05T02:20:23.546342,18.972975500000757,200,True
stage-4-fine-2.5,2026-09-05T02:20:22.746089,19.773329799994826,200,True
stage-4-fine-2.5,2026-09-05T02:20:23.148666,19.37077340000542,200,True
stage-4-fine-2.5,2026-09-05T02:20:23.944810,18.575160100001085,200,True
stage-4-fine-2.5,2026-09-05T02:20:25.547148,18.96696879999945,200,True
stage-4-fine-2.5,2026-09-05T02:20:24.746799,19.767369699999108,200,True
stage-4-fine-2.5,2026-09-05T02:20:24.347486,20.16856420000113,200,True
stage-4-fine-2.5,2026-09-05T02:20:25.147265,19.368790399996215,200,True
stage-4-fine-2.5,2026-09-05T02:20:25.942307,20.673939100001007,200,True
stage-4-fine-2.5,2026-09-05T02:20:26.755054,19.86119979999785,200,True
stage-4-fine-2.5,2026-09-05T02:20:26.343777,20.272505900000397,200,True
stage-4-fine-2.5,2026-09-05T02:20:27.146496,19.471354499997688,200,True
stage-4-fine-2.5,2026-09-05T02:20:27.946599,20.777496999995492,200,True
stage-4-fine-2.5,2026-09-05T02:20:27.546506,21.17973379999603,200,True
stage-4-fine-2.5,2026-09-05T02:20:28.746678,19.979599800004507,200,True
stage-4-fine-2.5,2026-09-05T02:20:28.347545,20.378749700001208,200,True
stage-4-fine-2.5,2026-09-05T02:20:29.146326,21.786434000001464,200,True
stage-4-fine-2.5,2026-09-05T02:20:30.346815,20.5860102000006,200,True
stage-4-fine-2.5,2026-09-05T02:20:29.946677,20.98613430000114,200,True
stage-4-fine-2.5,2026-09-05T02:20:30.746550,20.188640999993368,200,True
stage-4-fine-2.5,2026-09-05T02:20:29.546143,21.38910410000244,200,True
stage-4-fine-2.5,2026-09-05T02:20:31.550381,21.451758399998653,200,True
stage-4-fine-2.5,2026-09-05T02:20:31.146415,21.855770299996948,200,True
stage-4-fine-2.5,2026-09-05T02:20:32.345026,20.656962400003977,200,True
stage-4-fine-2.5,2026-09-05T02:20:31.945725,21.056583700003102,200,True
stage-4-fine-2.5,2026-09-05T02:20:32.745165,20.262041899994074,200,True
stage-4-fine-2.5,2026-09-05T02:20:33.546129,21.55712340000173,200,True
stage-4-fine-2.5,2026-09-05T02:20:34.346491,20.75687140000082,200,True
stage-4-fine-2.5,2026-09-05T02:20:33.945737,21.157730200000515,200,True
stage-4-fine-2.5,2026-09-05T02:20:33.145523,21.957990700000664,200,True
stage-4-fine-2.5,2026-09-05T02:20:35.147259,22.07816310000635,200,True
stage-4-fine-2.5,2026-09-05T02:20:35.953755,21.2717463999943,200,True
stage-4-fine-2.5,2026-09-05T02:20:35.545619,21.6799622000035,200,True
stage-4-fine-2.5,2026-09-05T02:20:36.347773,20.877852199999325,200,True
stage-4-fine-2.5,2026-09-05T02:20:34.746603,22.479190300000482,200,True
stage-4-fine-2.5,2026-09-05T02:20:36.746294,22.681435400001646,200,True
stage-4-fine-2.5,2026-09-05T02:20:38.355028,21.07344269999885,200,True
stage-4-fine-2.5,2026-09-05T02:20:37.546493,21.886959399998887,200,True
stage-4-fine-2.5,2026-09-05T02:20:37.954529,21.4788292000012,200,True
stage-4-fine-2.5,2026-09-05T02:20:37.146070,22.28747730000032,200,True
stage-4-fine-2.5,2026-09-05T02:20:39.954211,21.78796140000486,200,True
stage-4-fine-2.5,2026-09-05T02:20:40.346758,21.3954722999988,200,True
stage-4-fine-2.5,2026-09-05T02:20:39.553100,22.189136499997403,200,True
stage-4-fine-2.5,2026-09-05T02:20:39.151252,22.59101219999866,200,True
stage-4-fine-2.5,2026-09-05T02:20:38.741896,23.0003921000025,200,True
stage-4-fine-2.5,2026-09-05T02:20:41.946257,22.165352200005145,200,True
stage-4-fine-2.5,2026-09-05T02:20:42.356374,21.755371600003855,200,True
stage-4-fine-2.5,2026-09-05T02:20:41.141791,22.970045299996855,200,True
stage-4-fine-2.5,2026-09-05T02:20:40.748708,23.365415599997505,200,True
stage-4-fine-2.5,2026-09-05T02:20:41.547828,22.566410499995982,200,True
stage-4-fine-2.5,2026-09-05T02:20:42.753115,23.678638500001398,200,True
stage-4-fine-2.5,2026-09-05T02:20:43.953333,22.478567300000577,200,True
stage-4-fine-2.5,2026-09-05T02:20:43.555270,22.876715599995805,200,True
stage-4-fine-2.5,2026-09-05T02:20:43.145165,23.286790899997868,200,True
stage-4-fine-2.5,2026-09-05T02:20:44.342966,22.091025000001537,200,True
stage-4-fine-2.5,2026-09-05T02:20:45.155443,23.576545399999304,200,True
stage-4-fine-2.5,2026-09-05T02:20:45.548814,23.185204200002772,200,True
stage-4-fine-2.5,2026-09-05T02:20:44.755633,23.97836410000309,200,True
stage-4-fine-2.5,2026-09-05T02:20:45.956721,22.777312099999108,200,True
stage-4-fine-2.5,2026-09-05T02:20:46.347960,22.386132699997688,200,True
stage-4-fine-2.5,2026-09-05T02:20:47.154379,23.954558299999917,200,True
stage-4-fine-2.5,2026-09-05T02:20:48.347650,22.761460399997304,200,True
stage-4-fine-2.5,2026-09-05T02:20:47.948319,23.16085749999911,200,True
stage-4-fine-2.5,2026-09-05T02:20:47.548610,23.56354889999784,200,True
stage-4-fine-2.5,2026-09-05T02:20:46.755292,24.359008099992934,200,True
stage-4-fine-2.5,2026-09-05T02:20:50.748252,22.86003989999881,200,True
stage-4-fine-2.5,2026-09-05T02:20:50.342084,23.26660489999631,200,True
stage-4-fine-2.5,2026-09-05T02:20:49.948419,23.660854699999618,200,True
stage-4-fine-2.5,2026-09-05T02:20:49.548084,24.061363799999526,200,True
stage-4-fine-2.5,2026-09-05T02:20:49.155973,24.453562999995484,200,True
stage-4-fine-2.5,2026-09-05T02:20:48.747914,24.8622045000011,200,True
stage-4-fine-2.5,2026-09-05T02:20:51.956227,23.941221900000528,200,True
stage-4-fine-2.5,2026-09-05T02:20:52.745294,23.15240790000098,200,True
stage-4-fine-2.5,2026-09-05T02:20:51.547264,24.35048879999522,200,True
stage-4-fine-2.5,2026-09-05T02:20:52.347250,23.550529899999674,200,True
stage-4-fine-2.5,2026-09-05T02:20:51.155996,24.743397600002936,200,True
stage-4-fine-2.5,2026-09-05T02:20:54.355819,23.56505460000335,200,True
stage-4-fine-2.5,2026-09-05T02:20:53.548035,24.373106500002905,200,True
stage-4-fine-2.5,2026-09-05T02:20:54.744284,23.177084300004935,200,True
stage-4-fine-2.5,2026-09-05T02:20:53.948885,23.97250090000307,200,True
stage-4-fine-2.5,2026-09-05T02:20:53.148417,24.773080899998604,200,True
stage-4-fine-2.5,2026-09-05T02:20:55.560314,24.24743600000511,200,True
stage-4-fine-2.5,2026-09-05T02:20:56.745048,23.0629562000031,200,True
stage-4-fine-2.5,2026-09-05T02:20:55.155438,24.65263440000126,200,True
stage-4-fine-2.5,2026-09-05T02:20:55.950105,23.85799599999882,200,True
stage-4-fine-2.5,2026-09-05T02:20:56.356238,23.45618879999529,200,True
stage-4-fine-2.5,2026-09-05T02:20:57.554483,23.845721999998204,200,True
stage-4-fine-2.5,2026-09-05T02:20:57.144241,24.255990000005113,200,True
stage-4-fine-2.5,2026-09-05T02:20:58.752156,22.64880329999869,200,True
stage-4-fine-2.5,2026-09-05T02:20:59.153427,22.2477493999977,200,True
stage-4-fine-2.5,2026-09-05T02:20:57.955956,23.445310099996277,200,True
stage-4-fine-2.5,2026-09-05T02:20:58.350019,23.05130449999706,200,True
stage-5-fine-3.0,2026-09-05T02:21:21.554669,0.34358330000395654,,False
stage-5-fine-3.0,2026-09-05T02:21:21.895313,0.005301800003508106,,False
stage-5-fine-3.0,2026-09-05T02:21:23.222919,0.6851972000004025,,False
stage-5-fine-3.0,2026-09-05T02:21:23.556583,0.354540200001793,,False
stage-5-fine-3.0,2026-09-05T02:21:24.898136,0.9371831999960705,,False
stage-5-fine-3.0,2026-09-05T02:21:25.225301,0.6108141999939107,,False
stage-5-fine-3.0,2026-09-05T02:21:22.221690,3.772919200004253,200,True
stage-5-fine-3.0,2026-09-05T02:21:22.558198,3.436672899995756,200,True
stage-5-fine-3.0,2026-09-05T02:21:22.888991,3.528285100001085,200,True
stage-5-fine-3.0,2026-09-05T02:21:26.568417,0.8603446999986772,,False
stage-5-fine-3.0,2026-09-05T02:21:27.221697,0.20743930000026012,,False
stage-5-fine-3.0,2026-09-05T02:21:26.895754,0.5336249000029056,,False
stage-5-fine-3.0,2026-09-05T02:21:23.901958,4.095380800004932,200,True
stage-5-fine-3.0,2026-09-05T02:21:24.227447,4.102895800002443,200,True
stage-5-fine-3.0,2026-09-05T02:21:24.557454,4.328694600000745,200,True
stage-5-fine-3.0,2026-09-05T02:21:25.892781,4.355468300003849,200,True
stage-5-fine-3.0,2026-09-05T02:21:25.566593,4.684548400000494,200,True
stage-5-fine-3.0,2026-09-05T02:21:26.222790,4.616342799999984,200,True
stage-5-fine-3.0,2026-09-05T02:21:27.889106,5.724988299996767,200,True
stage-5-fine-3.0,2026-09-05T02:21:27.564009,6.050216700001329,200,True
stage-5-fine-3.0,2026-09-05T02:21:28.231428,6.099988599999051,200,True
stage-5-fine-3.0,2026-09-05T02:21:28.555019,6.770032299995364,200,True
stage-5-fine-3.0,2026-09-05T02:21:28.897511,7.408915700005309,200,True
stage-5-fine-3.0,2026-09-05T02:21:29.222933,8.211376100000052,200,True
stage-5-fine-3.0,2026-09-05T02:21:29.565667,8.93046690000483,200,True
stage-5-fine-3.0,2026-09-05T02:21:29.890770,8.60535429999436,200,True
stage-5-fine-3.0,2026-09-05T02:21:30.223125,9.408163000000059,200,True
stage-5-fine-3.0,2026-09-05T02:21:30.558784,9.07312209999509,200,True
stage-5-fine-3.0,2026-09-05T02:21:31.233238,9.656896400003461,200,True
stage-5-fine-3.0,2026-09-05T02:21:30.895133,9.995063800000935,200,True
stage-5-fine-3.0,2026-09-05T02:21:31.565941,10.582411399998819,200,True
stage-5-fine-3.0,2026-09-05T02:21:31.895927,11.731469699996524,200,True
stage-5-fine-3.0,2026-09-05T02:21:32.224867,11.403050299995812,200,True
stage-5-fine-3.0,2026-09-05T02:21:32.565707,12.53676660000201,200,True
stage-5-fine-3.0,2026-09-05T02:21:33.225614,11.876973900005396,200,True
stage-5-fine-3.0,2026-09-05T02:21:32.894127,12.208541300002253,200,True
stage-5-fine-3.0,2026-09-05T02:21:33.888365,12.749481400001969,200,True
stage-5-fine-3.0,2026-09-05T02:21:34.227342,12.410604099997727,200,True
stage-5-fine-3.0,2026-09-05T02:21:33.565876,13.072211300001072,200,True
stage-5-fine-3.0,2026-09-05T02:21:34.560800,13.642927200002305,200,True
stage-5-fine-3.0,2026-09-05T02:21:34.890367,13.332716900004016,200,True
stage-5-fine-3.0,2026-09-05T02:21:35.892794,14.014359800006787,200,True
stage-5-fine-3.0,2026-09-05T02:21:35.234002,14.67396330000338,200,True
stage-5-fine-3.0,2026-09-05T02:21:35.561042,14.349382599997625,200,True
stage-5-fine-3.0,2026-09-05T02:21:37.233684,14.579692400002386,200,True
stage-5-fine-3.0,2026-09-05T02:21:36.222173,15.591637200006517,200,True
stage-5-fine-3.0,2026-09-05T02:21:36.891707,14.922563100000843,200,True
stage-5-fine-3.0,2026-09-05T02:21:36.567213,15.249304400000256,200,True
stage-5-fine-3.0,2026-09-05T02:21:38.227848,15.577342799995677,200,True
stage-5-fine-3.0,2026-09-05T02:21:37.893772,15.911405399994692,200,True
stage-5-fine-3.0,2026-09-05T02:21:37.569513,16.235745700003463,200,True
stage-5-fine-3.0,2026-09-05T02:21:38.897725,16.819251299995813,200,True
stage-5-fine-3.0,2026-09-05T02:21:38.557196,17.160700500004168,200,True
stage-5-fine-3.0,2026-09-05T02:21:39.232552,16.487551600002917,200,True
stage-5-fine-3.0,2026-09-05T02:21:39.902409,17.940296799999487,200,True
stage-5-fine-3.0,2026-09-05T02:21:39.557785,18.284921800004668,200,True
stage-5-fine-3.0,2026-09-05T02:21:40.223798,17.618942900000548,200,True
stage-5-fine-3.0,2026-09-05T02:21:40.564684,17.27809459999844,200,True
stage-5-fine-3.0,2026-09-05T02:21:41.560469,18.433394899999257,200,True
stage-5-fine-3.0,2026-09-05T02:21:41.897392,18.09732499999518,200,True
stage-5-fine-3.0,2026-09-05T02:21:40.890368,19.10449189999781,200,True
stage-5-fine-3.0,2026-09-05T02:21:41.225504,18.76955540000199,200,True
stage-5-fine-3.0,2026-09-05T02:21:43.229696,18.910387900003116,200,True
stage-5-fine-3.0,2026-09-05T02:21:42.564965,19.579204800000298,200,True
stage-5-fine-3.0,2026-09-05T02:21:42.890168,19.253986499999883,200,True
stage-5-fine-3.0,2026-09-05T02:21:42.241380,19.902901399997063,200,True
stage-5-fine-3.0,2026-09-05T02:21:44.237220,20.347560800000792,200,True
stage-5-fine-3.0,2026-09-05T02:21:43.566330,21.018643699993845,200,True
stage-5-fine-3.0,2026-09-05T02:21:44.902335,19.682862699999532,200,True
stage-5-fine-3.0,2026-09-05T02:21:43.897683,20.689469899996766,200,True
stage-5-fine-3.0,2026-09-05T02:21:44.568623,20.068653399997856,200,True
stage-5-fine-3.0,2026-09-05T02:21:46.228821,20.791595900001994,200,True
stage-5-fine-3.0,2026-09-05T02:21:45.902854,21.117834099997708,200,True
stage-5-fine-3.0,2026-09-05T02:21:45.228364,21.793929300001764,200,True
stage-5-fine-3.0,2026-09-05T02:21:45.558482,21.463890700004413,200,True
stage-5-fine-3.0,2026-09-05T02:21:47.568672,21.939152400002058,200,True
stage-5-fine-3.0,2026-09-05T02:21:47.227197,22.282093699999677,200,True
stage-5-fine-3.0,2026-09-05T02:21:47.892493,21.616906800001743,200,True
stage-5-fine-3.0,2026-09-05T02:21:46.893792,22.616739699995378,200,True
stage-5-fine-3.0,2026-09-05T02:21:46.565513,22.945193100000324,200,True
stage-5-fine-3.0,2026-09-05T02:21:49.561206,22.541917899994587,200,True
stage-5-fine-3.0,2026-09-05T02:21:49.225862,22.877179700000852,200,True
stage-5-fine-3.0,2026-09-05T02:21:48.900387,23.202966200005903,200,True
stage-5-fine-3.0,2026-09-05T02:21:48.560556,23.543179499996768,200,True
stage-5-fine-3.0,2026-09-05T02:21:48.223184,23.880667299999914,200,True
stage-5-fine-3.0,2026-09-05T02:21:49.891832,25.010735199997725,200,True
stage-5-fine-3.0,2026-09-05T02:21:51.561544,23.34113580000121,200,True
stage-5-fine-3.0,2026-09-05T02:21:50.234644,24.669519000002765,200,True
stage-5-fine-3.0,2026-09-05T02:21:50.892130,24.01763370000117,200,True
stage-5-fine-3.0,2026-09-05T02:21:50.567913,24.342063700001745,200,True
stage-5-fine-3.0,2026-09-05T02:21:51.222535,23.687519800005248,200,True
stage-5-fine-3.0,2026-09-05T02:21:52.234948,25.470353999997315,200,True
stage-5-fine-3.0,2026-09-05T02:21:52.562173,25.143183899999713,200,True
stage-5-fine-3.0,2026-09-05T02:21:52.889951,24.81541350000043,200,True
stage-5-fine-3.0,2026-09-05T02:21:53.561265,24.144170899999153,200,True
stage-5-fine-3.0,2026-09-05T02:21:53.232470,24.472969899994496,200,True
stage-5-fine-3.0,2026-09-05T02:21:51.892840,25.814450300000317,200,True
stage-5-fine-3.0,2026-09-05T02:21:55.232345,25.19953039999382,200,True
stage-5-fine-3.0,2026-09-05T02:21:54.226871,26.20522720000008,200,True
stage-5-fine-3.0,2026-09-05T02:21:53.892353,26.540034400000877,200,True
stage-5-fine-3.0,2026-09-05T02:21:54.895433,25.53692939999746,200,True
stage-5-fine-3.0,2026-09-05T02:21:54.567853,25.865337999995972,200,True
stage-5-fine-3.0,2026-09-05T02:21:56.233231,27.183264700004656,200,True
stage-5-fine-3.0,2026-09-05T02:21:55.562694,27.85402050000266,200,True
stage-5-fine-3.0,2026-09-05T02:21:57.234796,26.182016500002646,200,True
stage-5-fine-3.0,2026-09-05T02:21:56.561045,26.856465800003207,200,True
stage-5-fine-3.0,2026-09-05T02:21:56.896016,26.521688499997254,200,True
stage-5-fine-3.0,2026-09-05T02:21:55.889800,27.527919100000872,200,True
stage-5-fine-3.0,2026-09-05T02:21:57.570486,25.847814600005222,200,True
stage-5-fine-3.0,2026-09-05T02:21:58.569487,27.951668400004564,200,True
stage-5-fine-3.0,2026-09-05T02:21:59.230814,27.290416700001515,200,True
stage-5-fine-3.0,2026-09-05T02:21:59.564845,26.956429999998363,200,True
stage-5-fine-3.0,2026-09-05T02:21:58.226640,28.297532800002955,200,True
stage-5-fine-3.0,2026-09-05T02:21:57.895487,28.62867720000213,200,True
stage-5-fine-3.0,2026-09-05T02:21:58.888296,27.63596819999657,200,True
stage-5-fine-3.0,2026-09-05T02:22:01.230618,28.56490979999944,200,True
stage-5-fine-3.0,2026-09-05T02:22:00.570284,29.22571009999956,200,True
stage-5-fine-3.0,2026-09-05T02:22:01.561551,28.234535499999765,200,True
stage-5-fine-3.0,2026-09-05T02:22:00.896165,28.900033899997652,200,True
stage-5-fine-3.0,2026-09-05T02:22:00.226477,29.56974149999587,200,True
stage-5-fine-3.0,2026-09-05T02:22:01.902600,27.895049099999596,200,True
stage-5-fine-3.0,2026-09-05T02:21:59.894715,29.903523900000437,200,True
stage-5-fine-3.0,2026-09-05T02:22:02.234695,30.791142100002617,200,True
stage-5-fine-3.0,2026-09-05T02:22:03.900185,29.12585940000281,200,True
stage-5-fine-3.0,2026-09-05T02:22:02.899777,30.12631940000574,200,True
stage-5-fine-3.0,2026-09-05T02:22:03.228017,29.800402299995767,200,True
stage-5-fine-3.0,2026-09-05T02:22:02.560663,30.46787619999668,200,True
stage-5-fine-3.0,2026-09-05T02:22:04.229977,28.800726100002066,200,True
stage-5-fine-3.0,2026-09-05T02:22:03.570001,29.460816999999224,200,True
stage-5-fine-3.0,2026-09-05T02:22:04.557821,30.48018449999654,,False
stage-5-fine-3.0,2026-09-05T02:22:04.901921,30.136110900006315,,False
stage-5-fine-3.0,2026-09-05T02:22:05.890367,30.15549089999695,,False
stage-5-fine-3.0,2026-09-05T02:22:05.558087,30.487940899998648,,False
stage-5-fine-3.0,2026-09-05T02:22:05.233186,30.812794500001473,,False
stage-5-fine-3.0,2026-09-05T02:22:06.225668,30.095685099993716,200,True
stage-5-fine-3.0,2026-09-05T02:22:06.557029,29.76669490000495,200,True
stage-5-fine-3.0,2026-09-05T02:22:06.901111,30.148573300000862,,False
stage-5-fine-3.0,2026-09-05T02:22:07.892864,30.15015979999589,,False
stage-5-fine-3.0,2026-09-05T02:22:07.570282,30.47292429999652,,False
stage-5-fine-3.0,2026-09-05T02:22:07.233024,30.810277100004896,,False
stage-5-fine-3.0,2026-09-05T02:22:08.230737,30.809465999998793,,False
stage-5-fine-3.0,2026-09-05T02:22:08.899337,30.141439300001366,,False
stage-5-fine-3.0,2026-09-05T02:22:08.556241,30.48483610000403,,False
stage-5-fine-3.0,2026-09-05T02:22:09.224890,30.49744059999648,200,True
stage-5-fine-3.0,2026-09-05T02:22:09.892686,30.143049600002996,,False
stage-5-fine-3.0,2026-09-05T02:22:09.567607,30.46824999999808,,False
stage-5-fine-3.0,2026-09-05T02:22:10.896257,30.140123299999686,,False
stage-5-fine-3.0,2026-09-05T02:22:10.567872,30.46872219999932,,False
stage-5-fine-3.0,2026-09-05T02:22:10.236572,30.79990639999596,,False
stage-5-fine-3.0,2026-09-05T02:22:11.894138,30.1420283999978,,False
stage-5-fine-3.0,2026-09-05T02:22:11.231889,30.804420499996922,,False
stage-5-fine-3.0,2026-09-05T02:22:11.565093,30.471264400002838,,False
stage-5-fine-3.0,2026-09-05T02:22:12.223341,30.81949429999804,,False
stage-5-fine-3.0,2026-09-05T02:22:12.889304,30.153707099998428,,False
stage-5-fine-3.0,2026-09-05T02:22:12.560345,30.48262870000326,,False
stage-5-fine-3.0,2026-09-05T02:22:13.225423,30.815803899997263,,False
stage-5-fine-3.0,2026-09-05T02:22:13.895012,30.146347800000513,,False
stage-5-fine-3.0,2026-09-05T02:22:13.554987,30.486490700001013,,False
stage-5-fine-3.0,2026-09-05T02:22:14.559746,30.48518630000035,,False
stage-5-fine-3.0,2026-09-05T02:22:14.889783,30.1550930999947,,False
stage-5-fine-3.0,2026-09-05T02:22:14.227207,30.81770229999529,,False
stage-5-fine-3.0,2026-09-05T02:22:15.900413,30.141815999995742,,False
stage-5-fine-3.0,2026-09-05T02:22:15.556550,30.48578400000406,,False
stage-5-fine-3.0,2026-09-05T02:22:15.230547,30.811818400004995,,False
stage-5-fine-3.0,2026-09-05T02:22:16.566676,30.481149600003846,,False
stage-5-fine-3.0,2026-09-05T02:22:16.889235,30.158737999998266,,False
stage-5-fine-3.0,2026-09-05T02:22:16.224653,30.82332260000112,,False
stage-5-fine-3.0,2026-09-05T02:22:17.567674,30.479296299999987,,False
stage-5-fine-3.0,2026-09-05T02:22:17.903853,30.14328409999871,,False
stage-5-fine-3.0,2026-09-05T02:22:17.230587,30.816494700004114,,False
stage-5-fine-3.0,2026-09-05T02:22:18.894730,30.141619200003333,,False
stage-5-fine-3.0,2026-09-05T02:22:18.558582,30.478443599997263,,False
stage-5-fine-3.0,2026-09-05T02:22:18.226319,30.811156399999163,,False
stage-5-fine-3.0,2026-09-05T02:22:19.566927,30.480006100005994,,False
stage-5-fine-3.0,2026-09-05T02:22:19.223740,30.823266300001706,,False
stage-5-fine-3.0,2026-09-05T02:22:19.892740,30.154345800001465,,False
stage-5-fine-3.0,2026-09-05T02:22:20.226488,30.821941499998502,,False
stage-5-fine-3.0,2026-09-05T02:22:20.892994,30.15519559999666,,False
stage-5-fine-3.0,2026-09-05T02:22:20.569681,30.47881110000162,,False
stage-5-fine-3.0,2026-09-05T02:22:21.899636,30.144903799999156,,False
stage-5-fine-3.0,2026-09-05T02:22:21.560724,30.483981099998346,,False
stage-5-fine-3.0,2026-09-05T02:22:21.226739,30.818051899994316,,False
stage-5-fine-3.0,2026-09-05T02:22:22.223580,30.81800900000235,,False
stage-5-fine-3.0,2026-09-05T02:22:22.901587,30.140140199997404,,False
stage-5-fine-3.0,2026-09-05T02:22:22.560407,30.48142419999931,,False
stage-5-fine-3.0,2026-09-05T02:22:23.233939,30.80688490000466,,False
stage-5-fine-3.0,2026-09-05T02:22:23.891402,30.149572900001658,,False
stage-5-fine-3.0,2026-09-05T02:22:23.558996,30.481974599999376,,False
stage-5-fine-3.0,2026-09-05T02:22:24.225693,30.81523670000024,,False
stage-5-fine-3.0,2026-09-05T02:22:24.555976,30.485362500003248,,False
stage-5-fine-3.0,2026-09-05T02:22:24.892146,30.149046200000157,,False
stage-5-fine-3.0,2026-09-05T02:22:25.229277,30.809865700000955,,False
stage-5-fine-3.0,2026-09-05T02:22:25.892529,30.146928900001512,,False
stage-5-fine-3.0,2026-09-05T02:22:25.561690,30.47792720000143,,False
stage-5-fine-3.0,2026-09-05T02:22:26.902758,30.13988740000059,,False
stage-5-fine-3.0,2026-09-05T02:22:26.567089,30.475662000004377,,False
stage-5-fine-3.0,2026-09-05T02:22:26.231689,30.81085180000082,,False
stage-5-fine-3.0,2026-09-05T02:22:27.895443,30.15107859999989,,False
stage-5-fine-3.0,2026-09-05T02:22:27.567225,30.4793234999961,,False
stage-5-fine-3.0,2026-09-05T02:22:27.227458,30.819117499995627,,False
stage-5-fine-3.0,2026-09-05T02:22:28.894082,30.156829200001084,,False
stage-5-fine-3.0,2026-09-05T02:22:28.230460,30.82054330000392,,False
stage-5-fine-3.0,2026-09-05T02:22:28.570038,30.480976699996972,,False
stage-5-fine-3.0,2026-09-05T02:22:29.229567,30.815170800000487,,False
stage-5-fine-3.0,2026-09-05T02:22:29.564831,30.48005170000397,,False
stage-5-fine-3.0,2026-09-05T02:22:29.891262,30.153740800000378,,False
stage-5-fine-3.0,2026-09-05T02:22:30.222620,30.81901640000433,,False
stage-5-fine-3.0,2026-09-05T02:22:30.900626,30.141319799993653,,False
stage-5-fine-3.0,2026-09-05T02:22:30.570164,30.471964899996237,,False
stage-6-confirm-collapse,2026-09-05T02:23:01.879006,30.15697960000398,,False
stage-6-confirm-collapse,2026-09-05T02:23:01.785360,30.25079740000365,,False
stage-6-confirm-collapse,2026-09-05T02:23:01.677216,30.359058899994125,,False
stage-6-confirm-collapse,2026-09-05T02:23:01.973864,30.062534799995774,,False
stage-6-confirm-collapse,2026-09-05T02:23:01.570069,30.463926299999002,,False
stage-6-confirm-collapse,2026-09-05T02:23:02.085102,30.960565599998517,,False
stage-6-confirm-collapse,2026-09-05T02:23:02.178308,30.867655399997602,,False
stage-6-confirm-collapse,2026-09-05T02:23:02.270364,30.77580730000045,,False
stage-6-confirm-collapse,2026-09-05T02:23:02.670719,30.375574899997446,,False
stage-6-confirm-collapse,2026-09-05T02:23:02.778715,30.267414499998267,,False
stage-6-confirm-collapse,2026-09-05T02:23:02.870147,30.176411899999948,,False
stage-6-confirm-collapse,2026-09-05T02:23:02.978930,30.067701700005273,,False
stage-6-confirm-collapse,2026-09-05T02:23:02.482917,30.56382900000608,,False
stage-6-confirm-collapse,2026-09-05T02:23:02.577930,30.468946799999685,,False
stage-6-confirm-collapse,2026-09-05T02:23:02.380991,30.66601410000294,,False
stage-6-confirm-collapse,2026-09-05T02:23:03.872997,30.174742299997888,,False
stage-6-confirm-collapse,2026-09-05T02:23:03.982234,30.065702200001397,,False
stage-6-confirm-collapse,2026-09-05T02:23:03.574826,30.47326250000333,,False
stage-6-confirm-collapse,2026-09-05T02:23:03.782357,30.26586749999842,,False
stage-6-confirm-collapse,2026-09-05T02:23:03.684400,30.36394029999792,,False
stage-6-confirm-collapse,2026-09-05T02:23:03.481419,30.56702910000604,,False
stage-6-confirm-collapse,2026-09-05T02:23:03.180316,30.868213900001138,,False
stage-6-confirm-collapse,2026-09-05T02:23:03.276209,30.77255149999837,,False
stage-6-confirm-collapse,2026-09-05T02:23:03.372920,30.675911899998027,,False
stage-6-confirm-collapse,2026-09-05T02:23:03.073415,30.97561459999997,,False
stage-6-confirm-collapse,2026-09-05T02:23:04.372759,30.665916500001913,,False
stage-6-confirm-collapse,2026-09-05T02:23:04.481489,30.55739370000083,,False
stage-6-confirm-collapse,2026-09-05T02:23:04.579054,30.459979100000055,,False
stage-6-confirm-collapse,2026-09-05T02:23:04.074375,30.96474920000037,,False
stage-6-confirm-collapse,2026-09-05T02:23:04.276421,30.762900799993076,,False
stage-6-confirm-collapse,2026-09-05T02:23:04.183292,30.85584010000457,,False
stage-6-confirm-collapse,2026-09-05T02:23:04.983535,30.055567100003827,,False
stage-6-confirm-collapse,2026-09-05T02:23:04.876118,30.163647900000797,,False
stage-6-confirm-collapse,2026-09-05T02:23:04.781861,30.25798880000366,,False
stage-6-confirm-collapse,2026-09-05T02:23:04.672338,30.367715299995325,,False
stage-6-confirm-collapse,2026-09-05T02:23:05.984475,30.0548970000018,,False
stage-6-confirm-collapse,2026-09-05T02:23:05.875832,30.163738499999454,,False
stage-6-confirm-collapse,2026-09-05T02:23:05.782152,30.257582199999888,,False
stage-6-confirm-collapse,2026-09-05T02:23:05.673987,30.36585930000001,,False
stage-6-confirm-collapse,2026-09-05T02:23:05.579403,30.46054290000029,,False
stage-6-confirm-collapse,2026-09-05T02:23:05.471861,30.56821640000271,,False
stage-6-confirm-collapse,2026-09-05T02:23:05.176823,30.863363800002844,,False
stage-6-confirm-collapse,2026-09-05T02:23:05.375037,30.665306099996087,,False
stage-6-confirm-collapse,2026-09-05T02:23:05.282013,30.758505899997544,,False
stage-6-confirm-collapse,2026-09-05T02:23:05.076171,30.964375300005486,,False
stage-6-confirm-collapse,2026-09-05T02:23:06.777202,30.272891000000527,,False
stage-6-confirm-collapse,2026-09-05T02:23:06.884409,30.165787199999613,,False
stage-6-confirm-collapse,2026-09-05T02:23:06.977795,30.07255620000069,,False
stage-6-confirm-collapse,2026-09-05T02:23:06.574597,30.475805399997625,,False
stage-6-confirm-collapse,2026-09-05T02:23:06.373296,30.677223500002583,,False
stage-6-confirm-collapse,2026-09-05T02:23:06.682700,30.367902400001185,,False
stage-6-confirm-collapse,2026-09-05T02:23:06.280564,30.770053799999005,,False
stage-6-confirm-collapse,2026-09-05T02:23:06.480441,30.57025400000566,,False
stage-6-confirm-collapse,2026-09-05T02:23:06.171960,30.878810399997747,,False
stage-6-confirm-collapse,2026-09-05T02:23:06.078489,30.972342000000936,,False
stage-6-confirm-collapse,2026-09-05T02:23:07.676604,30.370734700001776,,False
stage-6-confirm-collapse,2026-09-05T02:23:07.783371,30.264382500005013,,False
stage-6-confirm-collapse,2026-09-05T02:23:07.570885,30.477012600000307,,False
stage-6-confirm-collapse,2026-09-05T02:23:07.477753,30.57031730000017,,False
stage-6-confirm-collapse,2026-09-05T02:23:07.380348,30.667697600001702,,False
stage-6-confirm-collapse,2026-09-05T02:23:07.272587,30.775662800006103,,False
stage-6-confirm-collapse,2026-09-05T02:23:07.180301,30.867958900002122,,False
stage-6-confirm-collapse,2026-09-05T02:23:07.084987,30.963503099999798,,False
stage-6-confirm-collapse,2026-09-05T02:23:07.984177,30.064354899994214,,False
stage-6-confirm-collapse,2026-09-05T02:23:07.875719,30.172970599996916,,False
stage-6-confirm-collapse,2026-09-05T02:23:08.981968,30.060983299998043,,False
stage-6-confirm-collapse,2026-09-05T02:23:08.874281,30.168912900000578,,False
stage-6-confirm-collapse,2026-09-05T02:23:08.781170,30.262099400002626,,False
stage-6-confirm-collapse,2026-09-05T02:23:08.672938,30.370420600003854,,False
stage-6-confirm-collapse,2026-09-05T02:23:08.580526,30.462945400002354,,False
stage-6-confirm-collapse,2026-09-05T02:23:08.471919,30.571656000000075,,False
stage-6-confirm-collapse,2026-09-05T02:23:08.377322,30.66631650000636,,False
stage-6-confirm-collapse,2026-09-05T02:23:08.280934,30.762840099996538,,False
stage-6-confirm-collapse,2026-09-05T02:23:08.171139,30.872755700002017,,False
stage-6-confirm-collapse,2026-09-05T02:23:08.077347,30.96662529999594,,False
stage-6-confirm-collapse,2026-09-05T02:23:09.979137,30.058012099994812,,False
stage-6-confirm-collapse,2026-09-05T02:23:09.870137,30.167180700002064,,False
stage-6-confirm-collapse,2026-09-05T02:23:09.775482,30.26191370000015,,False
stage-6-confirm-collapse,2026-09-05T02:23:09.681679,30.35579570000118,,False
stage-6-confirm-collapse,2026-09-05T02:23:09.573076,30.46386750000238,,False
stage-6-confirm-collapse,2026-09-05T02:23:09.478421,30.55921959999978,,False
stage-6-confirm-collapse,2026-09-05T02:23:09.183372,30.854303699998127,,False
stage-6-confirm-collapse,2026-09-05T02:23:09.386326,30.651258099998813,,False
stage-6-confirm-collapse,2026-09-05T02:23:09.277028,30.76080119999824,,False
stage-6-confirm-collapse,2026-09-05T02:23:09.074915,30.962969799998973,,False
stage-6-confirm-collapse,2026-09-05T02:23:10.981118,30.062542500003474,,False
stage-6-confirm-collapse,2026-09-05T02:23:10.882694,30.16107860000193,,False
stage-6-confirm-collapse,2026-09-05T02:23:10.770760,30.273085600005288,,False
stage-6-confirm-collapse,2026-09-05T02:23:10.679109,30.364685699998518,,False
stage-6-confirm-collapse,2026-09-05T02:23:10.585048,30.458814199999324,,False
stage-6-confirm-collapse,2026-09-05T02:23:10.475549,30.568398600000364,,False
stage-6-confirm-collapse,2026-09-05T02:23:10.383543,30.660506799998984,,False
stage-6-confirm-collapse,2026-09-05T02:23:10.275133,30.76891220000107,,False
stage-6-confirm-collapse,2026-09-05T02:23:10.181179,30.86288350000541,,False
stage-6-confirm-collapse,2026-09-05T02:23:10.071463,30.97265110000444,,False
